catalog_id,old_service_id,current_provider_id,category,service_name,average_time,details,base_rate_usd,usd_to_pkr,base_rate_pkr,markup_percent,selling_rate_pkr,min_quantity,max_quantity,pricing_basis,match_status,match_confidence,matched_provider_name,price_checked_at
SMS-0001,1356,1356,Pakistan Panels 50% SALE 🔥,𝐈𝐧𝐬𝐭𝐚𝐠𝐫𝐚𝐦 𝐅𝐨𝐥𝐥𝐨𝐰𝐞𝐫𝐬  𝐀𝐩𝐩𝐬 𝐃𝐚𝐭𝐚 ( 𝐌𝐚𝐱 5𝐌 )  [ 𝐋𝐞𝐬𝐬 𝐃𝐫𝐨𝐩 ] 100𝐊/𝐃𝐚𝐲 | 𝐍𝐨 𝐑𝐞𝐟𝐢𝐥𝐥 ⚠️ ( 𝐈𝐧𝐬𝐭𝐚𝐧𝐭 𝐒𝐭𝐚𝐫𝐭 )  𝐔𝐥𝐭𝐫𝐚 𝐂𝐡𝐞𝐚𝐩 🚀🚀🚀,34 Hours 58 Minutes,"Start : Instant 

Speed : 100K/Day 

Drop : Less Drop 

Refill : No Refill ⚠️",,278.025,,0.3,,,,per_1000,review,0,,2026-07-16
SMS-0002,1387,1387,Pakistan Panels 50% SALE 🔥,𝐈𝐧𝐬𝐭𝐚𝐠𝐫𝐚𝐦 𝐅𝐨𝐥𝐥𝐨𝐰𝐞𝐫𝐬  𝐈𝐧𝐝𝐢𝐚𝐧 𝐀𝐜𝐜𝐨𝐮𝐧𝐭𝐬 ( 𝐌𝐚𝐱 500𝐊 ) [ 𝐋𝐨𝐰 𝐃𝐫𝐨𝐩 ] 500𝐊/𝐃𝐚𝐲 | 𝐍𝐨 𝐑𝐞𝐟𝐢𝐥𝐥 ⚠️ | 𝐈𝐧𝐬𝐭𝐚𝐧𝐭 𝐒𝐭𝐚𝐫𝐭 🚀🚀🚀🚀🚀,16 Hours 50 Minutes,"Start : Instant 

Speed : 500K/Day 

Drop : Low Drop 

Refill : No Refill ⚠️",,278.025,,0.3,,,,per_item,review,0,,2026-07-16
SMS-0003,1388,1388,Pakistan Panels 50% SALE 🔥,𝐈𝐧𝐬𝐭𝐚𝐠𝐫𝐚𝐦 𝐅𝐨𝐥𝐥𝐨𝐰𝐞𝐫𝐬  𝐈𝐧𝐝𝐢𝐚𝐧 𝐀𝐜𝐜𝐨𝐮𝐧𝐭𝐬 ( 𝐌𝐚𝐱 500𝐊 ) [ 𝐋𝐨𝐰 𝐃𝐫𝐨𝐩 ] 500𝐊/𝐃𝐚𝐲 | 30 𝐃𝐚𝐲𝐬 𝐑𝐞𝐟𝐢𝐥𝐥 ♻️ | 𝐈𝐧𝐬𝐭𝐚𝐧𝐭 𝐒𝐭𝐚𝐫𝐭 🚀🚀🚀🚀🚀,5 Hours 58 Minutes,"Start : Instant 

Speed : 500K/Day 

Drop : Low Drop 

Refill : 30 Days Refill ♻️",,278.025,,0.3,,,,per_item,review,0,,2026-07-16
SMS-0004,1389,1389,Pakistan Panels 50% SALE 🔥,𝐈𝐧𝐬𝐭𝐚𝐠𝐫𝐚𝐦 𝐅𝐨𝐥𝐥𝐨𝐰𝐞𝐫𝐬  𝐈𝐧𝐝𝐢𝐚𝐧 𝐀𝐜𝐜𝐨𝐮𝐧𝐭𝐬 ( 𝐌𝐚𝐱 500𝐊 ) [ 𝐋𝐨𝐰 𝐃𝐫𝐨𝐩 ] 500𝐊/𝐃𝐚𝐲 | 60 𝐃𝐚𝐲𝐬 𝐑𝐞𝐟𝐢𝐥𝐥 ♻️ | 𝐈𝐧𝐬𝐭𝐚𝐧𝐭 𝐒𝐭𝐚𝐫𝐭 🚀🚀🚀🚀🚀,13 Hours 48 Minutes,"Start : Instant 

Speed : 500K/Day 

Drop : Low Drop 

Refill : 60 𝐃𝐚𝐲𝐬 𝐑𝐞𝐟𝐢𝐥𝐥 ♻️",,278.025,,0.3,,,,per_item,review,0,,2026-07-16
SMS-0005,1390,1390,Pakistan Panels 50% SALE 🔥,𝐈𝐧𝐬𝐭𝐚𝐠𝐫𝐚𝐦 𝐅𝐨𝐥𝐥𝐨𝐰𝐞𝐫𝐬  𝐈𝐧𝐝𝐢𝐚𝐧 𝐀𝐜𝐜𝐨𝐮𝐧𝐭𝐬 ( 𝐌𝐚𝐱 500𝐊 ) [ 𝐋𝐨𝐰 𝐃𝐫𝐨𝐩 ] 500𝐊/𝐃𝐚𝐲 | 90 𝐃𝐚𝐲𝐬 𝐑𝐞𝐟𝐢𝐥𝐥 ♻️ | 𝐈𝐧𝐬𝐭𝐚𝐧𝐭 𝐒𝐭𝐚𝐫𝐭 🚀🚀🚀🚀🚀,14 Hours 53 Minutes,,,278.025,,0.3,,,,per_item,review,0,,2026-07-16
SMS-0006,1391,1391,Pakistan Panels 50% SALE 🔥,𝐈𝐧𝐬𝐭𝐚𝐠𝐫𝐚𝐦 𝐅𝐨𝐥𝐥𝐨𝐰𝐞𝐫𝐬  𝐈𝐧𝐝𝐢𝐚𝐧 𝐀𝐜𝐜𝐨𝐮𝐧𝐭𝐬 ( 𝐌𝐚𝐱 500𝐊 ) [ 𝐋𝐨𝐰 𝐃𝐫𝐨𝐩 ] 500𝐊/𝐃𝐚𝐲 | 365 𝐃𝐚𝐲𝐬 𝐑𝐞𝐟𝐢𝐥𝐥 ♻️ | 𝐈𝐧𝐬𝐭𝐚𝐧𝐭 𝐒𝐭𝐚𝐫𝐭 🚀🚀🚀🚀🚀,13 Hours 38 Minutes,,,278.025,,0.3,,,,per_item,review,0,,2026-07-16
SMS-0007,362,362,👤 TikTok Accounts ⭐ Premium,TikTok UK Accounts | Verified Gmail Linked | Instant Delivery,0 Minutes,"Hum aapke diye hue brand-new Gmail account (jo pehle kisi TikTok account se linked nahi hai) par UK-based TikTok account create kar denge. Aapko complete TikTok login credentials (email & password) aur delivery instructions mil jayengi.

🔧 Delivery Method (How it works):

Aap order karte waqt naya Gmail (email) aur temporary password provide karenge. Ye Gmail pehle kabhi TikTok mein register na hua ho.

Hum aapke provided Gmail credentials se login karke TikTok account UK settings ke sath create karenge.

Account banane ke baad hum aapko TikTok login details aur recommended security steps bhejenge.

⚠️ Security Notice (Important):

Sirf temporary password provide karein — delivery ke baad password turant change kar len.

Hum aap se permanent Gmail password save nahi karenge. Order complete hone par aap password change kar ke 2-Factor Authentication (2FA) enable kar len to secure account.

Agar aap security reasons ki wajah se password share nahi karna chahte to Alternate Method: We create both Gmail + TikTok (select this option at checkout).

🕒 Delivery Time: 30–120 minutes (order volume aur verification steps par depend karta hai).
🔁 Revisions & Support: 24–48 hours support for access issues after delivery.
🚫 Policy & Use: Accounts only for legitimate use. Misuse (spam, fraud) leads to cancellation and no refunds.",,278.025,,0.3,,,,per_item,review,0,,2026-07-16
SMS-0008,960,960,👤 TikTok Accounts ⭐ Premium,TikTok  USA   Accounts | Verified Gmail Linked | Instant Delivery,0 Minutes,"Hum aapke diye hue brand-new Gmail account (jo pehle kisi TikTok account se linked nahi hai) par UK-based TikTok account create kar denge. Aapko complete TikTok login credentials (email & password) aur delivery instructions mil jayengi.

🔧 Delivery Method (How it works):

Aap order karte waqt naya Gmail (email) aur temporary password provide karenge. Ye Gmail pehle kabhi TikTok mein register na hua ho.

Hum aapke provided Gmail credentials se login karke TikTok account USA settings ke sath create karenge.

Account banane ke baad hum aapko TikTok login details aur recommended security steps bhejenge.

⚠️ Security Notice (Important):

Sirf temporary password provide karein — delivery ke baad password turant change kar len.

Hum aap se permanent Gmail password save nahi karenge. Order complete hone par aap password change kar ke 2-Factor Authentication (2FA) enable kar len to secure account.

Agar aap security reasons ki wajah se password share nahi karna chahte to Alternate Method: We create both Gmail + TikTok (select this option at checkout).

🕒 Delivery Time: 30–120 minutes (order volume aur verification steps par depend karta hai).
🔁 Revisions & Support: 24–48 hours support for access issues after delivery.
🚫 Policy & Use: Accounts only for legitimate use. Misuse (spam, fraud) leads to cancellation and no refunds.",,278.025,,0.3,,,,per_item,review,0,,2026-07-16
SMS-0009,941,941,🪙 TikTok Coins ⭐ Official & Safe,TikTok Coins | Fast Delivery | Login / Gift Method,0 Minutes,"💰 TikTok Coins Top-Up Service

📌 How it Works:
We provide TikTok coins through two secure methods:

1️⃣ Login Method

Enter your TikTok username and password in the order details.

Our system will log in and deliver the required coins directly to your account.

⚠️ Make sure 2FA (Two-Factor Authentication) is turned OFF during delivery.

2️⃣ Gift Method

No login required.

Simply send the required coins as a gift to our official TikTok account (details will be provided after order).

Once received, the same amount of coins will be credited back to your account balance.

⚡ Features:

Instant Processing & Fast Delivery

100% Safe and Secure

Flexible options: Choose Login Method or Gift Method

Perfect for creators who need coins quickly for gifting or balance.",,278.025,,0.3,,,,per_item,review,0,,2026-07-16
SMS-0010,1401,1401,💸 TikTok Likes ⭐ Market Cheapest,TikTok Likes | HQ Accounts | Cancel Enable | Refill: No ⚠️ | Instant Start | Speed: Day 5K 🚀,4 Hours 39 Minutes,"~ Provider Rate - For API Users

Service Info:
✦ Usually no drop (may vary with TikTok updates).
✦ Start Time: 30 Minutes – 1 Hour
🚨 We don’t promise ultra-fast speeds; we provide real estimated speeds. The speed of the cheapest services may vary depending on demand.",,278.025,,0.3,,,,per_item,review,0,,2026-07-16
SMS-0011,1402,1402,💸 TikTok Likes ⭐ Market Cheapest,TikTok Likes | HQ Accounts | Cancel Enable | Refill: No ⚠️ | Instant Start | Speed: Day 10K 🚀,New Service,"~ Provider Rate - For API Users

Service Info:
✦ Usually no drop (may vary with TikTok updates).
✦ Start Time: 30 Minutes – 1 Hour
🚨 We don’t promise ultra-fast speeds; we provide real estimated speeds. The speed of the cheapest services may vary depending on demand.",,278.025,,0.3,,,,per_item,review,0,,2026-07-16
SMS-0012,1321,1321,💸 TikTok Likes ⭐ Market Cheapest,TikTok Likes | Real New Account | Cancel Enable | Cheapest,16 Minutes,"~ Provider Rate - For API Users

Service Info:
✦ Usually no drop (may vary with TikTok updates).
✦ Start Time: 30 Minutes – 1 Hour
🚨 We don’t promise ultra-fast speeds; we provide real estimated speeds. The speed of the cheapest services may vary depending on demand.",,278.025,,0.3,,,,per_item,review,0,,2026-07-16
SMS-0013,1403,1403,💸 TikTok Likes ⭐ Market Cheapest,TikTok Likes | LQ Accounts  | Refill: No ⚠️ | Start: 1hrs | Speed: Day 10K 🚀,New Service,"Start Time: Instant (within 1 minute)
👹 Speed: Up to 1K likes per hour
✌️ High Quality Service
🎯 Location Worldwide 🌎 
🥸 Refill Guarantee: No
🤠 Cancel Option: Available
👌 Drop Rate: 100% Guaranteed stability
🔗 Required: Add your video Link 🖇️
Note :
- When the service is busy, the starting speed of the process changes.
- Do not place the second order on the same link before your order is completed in the system.
- In case of any problems with the service, please contact support.",,278.025,,0.3,,,,per_item,review,0,,2026-07-16
SMS-0014,1346,1346,💸 TikTok Likes ⭐ Market Cheapest,TikTok Likes ❤️‍🔥 Cheapest ✅ [ Cancel Button Enable 🚫 | Real High Quality || Start Time 0-30 Minutes ⚡,9 Hours 41 Minutes,,,278.025,,0.3,,,,per_1000,review,0,,2026-07-16
SMS-0015,1404,1404,💸 TikTok Likes ⭐ Market Cheapest,TikTok Likes | LQ Accounts | Cancel Enable | Refill: No ⚠️ | Instant Start | Speed: Day 50K 🚀,2 Hours 1 Minute,,,278.025,,0.3,,,,per_item,review,0,,2026-07-16
SMS-0016,1279,1279,🔥 TikTok Likes ⭐ Ultra Fast,TikTok Likes ❤️ | High Quality 💎 | Speed: 25K/Day 🚀 | Instant Start ⚡ | Start Time: 5 Mins ⏰,1 Hour 24 Minutes,"~ Provider Rate – For API Users

Service Info:
This service is powered by real mobile devices, ensuring faster delivery and better quality compared to bot-based methods.

✦ Drop Rate: Usually no drop (may vary with TikTok updates)
✦ Start Time: 30 minutes to 1 hour
🚨 We don’t promise ultra-fast speeds; we provide real estimated speeds. The speed of the cheapest services may vary depending on demand.",,278.025,,0.3,,,,per_1000,review,0,,2026-07-16
SMS-0017,1108,1108,💎 TikTok Likes ⭐ Sponsored (For You Ads),TikTok Likes + views+comment+followers+profile views  [ Active account] Organic Data | Super Instant |[ 🇵🇰 Real Sponsored] 20k Perday Lifetime Refill Showing anylatics,3 Hours 35 Minutes,"> 🔹 TikTok Sponsored Engagement via Official  Ads
🔹 This service runs 24 Hours continuous TikTok Ads
🔹 You will receive Likes + Views along with bonus organic engagement
🔹 Engagement may include:
  ✔ Profile Views
 ✔  Followers 
  ✔ Likes
  ✔ Video Views
  ✔ Comments
  ✔ Shares
  ✔ Favorites
  ✔ Followers (organic, not guaranteed but possible)
🔹 Audience is 100% Real Pakistani Users 🇵🇰
🔹 No bots, no fake traffic
🔹 Extremely safe for accounts, monetization & algorithm boost
🔹 Best for new videos, viral push & trust building




---

⚙️ Service Timing Details
⏱ Start Time: 0 – 6 Hours
⏳ Ad Duration: 24 Hours
✅ Completion Time: 24 Hours
🚀 Delivery Speed: Gradual & natural (as per TikTok Ads system)



---

📈  Expected Results (Average)
👍 Likes: 800 – 1,200 per 24 hours
👁 Views: 1,500 – 3,000+
👤 Profile Visits: Possible
💬 Comments / Shares / Favorites: Possible
(Results depend on video content, niche & audience response)


⚠️ Important Notes (Must Read)

> 🔸 Video must be public
🔸 No refunds for private, deleted or policy-violating videos
🔸 Results may vary depending on TikTok algorithm & content quality
🔸 This is promotion service, exact engagement numbers are not guaranteed

📋 Before Placing Your Order (MUST-DO STEPS)

To allow us to run ads and deliver views on your content, please enable promotion permissions in TikTok Studio:

1️⃣ Open your TikTok account.
2️⃣ Open TikTok Studio.
3️⃣ Click on Promote option.
4️⃣ Tap on Mine.
5️⃣ Click on Request.
6️⃣ Select Control Promotion Settings.
7️⃣ Enable Allow Promotion from Everyone ✅

Without this setting, ads cannot run on your videos.",,278.025,,0.3,,,,per_item,review,0,,2026-07-16
SMS-0018,1358,1358,💎 TikTok Likes ⭐ Premium | Non-Drop,TikTok Likes | High Quality 💎 | 𝟭𝟬𝟬% 𝐍𝐨𝐧-𝐃𝐫𝐨𝐩 ✔️ | Speed: 200–300 Per Hour 🚀 | Cancel Enabled ✅ | Instant Start ⚡ | Refill: No ♻️,17 Minutes,,,278.025,,0.3,,,,per_1000,review,0,,2026-07-16
SMS-0019,1359,1359,💎 TikTok Likes ⭐ Premium | Non-Drop,TikTok Likes | High Quality 💎 | 𝟭𝟬𝟬% 𝐍𝐨𝐧-𝐃𝐫𝐨𝐩 ✔️ | Speed: 200–300 Per Hour 🚀 | Cancel Enabled ✅ | Instant Start ⚡ | Refill: 30 Days♻️,16 Hours 3 Minutes,,,278.025,,0.3,,,,per_1000,review,0,,2026-07-16
SMS-0020,1360,1360,💎 TikTok Likes ⭐ Premium | Non-Drop,TikTok Likes | High Quality 💎 | 𝟭𝟬𝟬% 𝐍𝐨𝐧-𝐃𝐫𝐨𝐩 ✔️ | Speed: 200–300 Per Hour 🚀 | Cancel Enabled ✅ | Instant Start ⚡ | Refill: Lifetime♻️,28 Minutes,,,278.025,,0.3,,,,per_1000,review,0,,2026-07-16
SMS-0021,399,399,❤️ TikTok Likes ⭐ Recommended  Never Drop |,𝐓𝐢𝐤𝐭𝐨𝐤 𝐋𝐢𝐤𝐞𝐬+Views » 100% 𝐑𝐞𝐚𝐥 𝐏𝐫𝐨𝐟𝐢𝐥𝐞𝐬 | 𝐖𝐨𝐫𝐥𝐝𝐰𝐢𝐝𝐞 🌏 | 𝐌𝐚𝐱 100𝐤 | 𝐋𝐢𝐟𝐞𝐭𝐢𝐦𝐞 𝐆𝐮𝐫𝐚𝐧𝐭𝐞𝐝,10 Minutes,"🌟 Enhance Your Social Media Presence with Our Exclusive Growth Service 🌟

✅ No Drops FROM Last 1 Years 🔥

✨ Start Time: 0-5 Minutes ⌛
✨ Speed: 100k D+ ⚡

🔄 Guarantee: Guaranteed Delivery
🔄 Refill: Lifetime Guaranteed

🌐 Target Audience: Worldwide 🌏

✨ Our Commitment to Quality:

✔️ Real and authentic accounts
✔️ Dedicated to delivering top-tier services

🚀 Always Operational

🔗 Link: [Insert Your Video Link]",,278.025,,0.3,,,,per_item,review,0,,2026-07-16
SMS-0022,400,400,❤️ TikTok Likes ⭐ Recommended  Never Drop |,𝐓𝐢𝐤𝐭𝐨𝐤 𝐋𝐢𝐤𝐞𝐬+Views » 100% 𝐑𝐞𝐚𝐥 𝐏𝐫𝐨𝐟𝐢𝐥𝐞𝐬 | 𝐖𝐨𝐫𝐥𝐝𝐰𝐢𝐝𝐞 🌏 | 𝐌𝐚𝐱 200𝐤 | 𝐋𝐢𝐟𝐞𝐭𝐢𝐦𝐞 𝐆𝐮𝐫𝐚𝐧𝐭𝐞𝐝 ♻️,2 Hours 29 Minutes,"🌟 Enhance Your Social Media Presence with Our Exclusive Growth Service 🌟

✅ No Drops FROM Last 1 Years 🔥

✨ Start Time: 0-5 Minutes ⌛
✨ Speed: 200k D+ ⚡

🔄 Guarantee: Guaranteed Delivery
🔄 Refill: Lifetime Guaranteed

🌐 Target Audience: Worldwide 🌏

✨ Our Commitment to Quality:

✔️ Real and authentic accounts
✔️ Dedicated to delivering top-tier services

🚀 Always Operational

🔗 Link: [Insert Your Video Link]",,278.025,,0.3,,,,per_item,review,0,,2026-07-16
SMS-0023,401,401,❤️ TikTok Likes ⭐ Recommended  Never Drop |,𝐓𝐢𝐤𝐭𝐨𝐤 𝐋𝐢𝐤𝐞𝐬+Views » 100% 𝐑𝐞𝐚𝐥 𝐏𝐫𝐨𝐟𝐢𝐥𝐞𝐬 | 𝐖𝐨𝐫𝐥𝐝𝐰𝐢𝐝𝐞 🌏 | 𝐌𝐚𝐱 300𝐤 | 𝐋𝐢𝐟𝐞𝐭𝐢𝐦𝐞 𝐆𝐮𝐫𝐚𝐧𝐭𝐞𝐝 ♻️,40 Minutes,"🌟 Enhance Your Social Media Presence with Our Exclusive Growth Service 🌟

✅ No Drops FROM Last 1 Years 🔥 

✨ Start Time: 0-5 Minutes ⌛
✨ Speed: 400k D+ ⚡

🔄 Guarantee: Guaranteed Delivery
🔄 Refill: Lifetime Guaranteed

🌐 Target Audience: Worldwide 🌏

✨ Our Commitment to Quality:

✔️ Real and authentic accounts
✔️ Dedicated to delivering top-tier services

🚀 Always Operational

🔗 Link: [Insert Your Video Link]",,278.025,,0.3,,,,per_item,review,0,,2026-07-16
SMS-0024,402,402,❤️ TikTok Likes ⭐ Recommended  Never Drop |,𝐓𝐢𝐤𝐭𝐨𝐤 𝐋𝐢𝐤𝐞𝐬+Views » 100% 𝐑𝐞𝐚𝐥 𝐏𝐫𝐨𝐟𝐢𝐥𝐞𝐬 | 𝐖𝐨𝐫𝐥𝐝𝐰𝐢𝐝𝐞 🌏 | 𝐌𝐚𝐱 400𝐤 | 𝐋𝐢𝐟𝐞𝐭𝐢𝐦𝐞 𝐆𝐮𝐫𝐚𝐧𝐭𝐞𝐝 ♻️,24 Minutes,"🌟 Enhance Your Social Media Presence with Our Exclusive Growth Service 🌟

✅ No Drops FROM Last 1 Years 🔥

✨ Start Time: 0-5 Minutes ⌛
✨ Speed: 400k D+ ⚡

🔄 Guarantee: Guaranteed Delivery
🔄 Refill: Lifetime Guaranteed

🌐 Target Audience: Worldwide 🌏

✨ Our Commitment to Quality:

✔️ Real and authentic accounts
✔️ Dedicated to delivering top-tier services

🚀 Always Operational

🔗 Link: [Insert Your Video Link]",,278.025,,0.3,,,,per_item,review,0,,2026-07-16
SMS-0025,403,403,❤️ TikTok Likes ⭐ Recommended  Never Drop |,𝐓𝐢𝐤𝐭𝐨𝐤 𝐋𝐢𝐤𝐞𝐬+Views » 100% 𝐑𝐞𝐚𝐥 𝐏𝐫𝐨𝐟𝐢𝐥𝐞𝐬 | 𝐖𝐨𝐫𝐥𝐝𝐰𝐢𝐝𝐞 🌏 | 𝐌𝐚𝐱 500𝐤 | 𝐋𝐢𝐟𝐞𝐭𝐢𝐦𝐞 𝐆𝐮𝐫𝐚𝐧𝐭𝐞𝐝 ♻️,2 Hours 29 Minutes,,,278.025,,0.3,,,,per_1000,review,0,,2026-07-16
SMS-0026,1221,1221,🛡️ TikTok Likes ⭐ Lifetime Refill,TikTok Likes  | HQ Accounts | Non Drop | Cancel Enable | Instant Start | Speed: 100k/Day 🚀 | Refill: Lifetime♻️ | 𝐁𝐮𝐥𝐥𝐞𝐭 𝐒𝐩𝐞𝐞𝐝 🚀,6 Hours 35 Minutes,"🔥 𝐁𝐮𝐥𝐥𝐞𝐭 𝐒𝐩𝐞𝐞𝐝 🔥
---------------------------
⌛ Start: 0-5 Minutes
⚡ Delivery: 100k Per Day
---------------------------
☢ Usually no drop (may vary with TikTok updates)
☢ Refill Button: Lifetime
---------------------------
💎 Quality:  HQ Accounts

🚨  Do not place the second order on the same link before your order is completed in the system.
🚨 In case of any problems with the service, please contact support.",,278.025,,0.3,,,,per_item,review,0,,2026-07-16
SMS-0027,1222,1222,🛡️ TikTok Likes ⭐ Lifetime Refill,TikTok Likes  | HQ Accounts | Non Drop | Cancel Enable | Instant Start | Speed: 200k/Day 🚀 | Refill: Lifetime♻️ | 𝐁𝐮𝐥𝐥𝐞𝐭 𝐒𝐩𝐞𝐞𝐝 🚀,3 Hours 23 Minutes,"🔥 𝐁𝐮𝐥𝐥𝐞𝐭 𝐒𝐩𝐞𝐞𝐝 🔥
---------------------------
⌛ Start: 0-5 Minutes
⚡ Delivery: 200k Per Day
---------------------------
☢ Usually no drop (may vary with TikTok updates)
☢ Refill Button: Lifetime
---------------------------
💎 Quality:  HQ Accounts

🚨  Do not place the second order on the same link before your order is completed in the system.
🚨 In case of any problems with the service, please contact support.",,278.025,,0.3,,,,per_item,review,0,,2026-07-16
SMS-0028,1223,1223,🛡️ TikTok Likes ⭐ Lifetime Refill,TikTok Likes  | HQ Accounts | Non Drop | Cancel Enable | Instant Start | Speed: 300k/Day 🚀 | Refill: Lifetime♻️ | 𝐁𝐮𝐥𝐥𝐞𝐭 𝐒𝐩𝐞𝐞𝐝 🚀,23 Minutes,"🔥 𝐁𝐮𝐥𝐥𝐞𝐭 𝐒𝐩𝐞𝐞𝐝 🔥
---------------------------
⌛ Start: 0-5 Minutes
⚡ Delivery: 300k Per Day
---------------------------
☢ Usually no drop (may vary with TikTok updates)
☢ Refill Button: Lifetime
---------------------------
💎 Quality:  HQ Accounts

🚨  Do not place the second order on the same link before your order is completed in the system.
🚨 In case of any problems with the service, please contact support.",,278.025,,0.3,,,,per_item,review,0,,2026-07-16
SMS-0029,1224,1224,🛡️ TikTok Likes ⭐ Lifetime Refill,TikTok Likes  | HQ Accounts | Non Drop | Cancel Enable | Instant Start | Speed: 400k/Day 🚀 | Refill: Lifetime♻️ | 𝐁𝐮𝐥𝐥𝐞𝐭 𝐒𝐩𝐞𝐞𝐝 🚀,43 Minutes,"🔥 𝐁𝐮𝐥𝐥𝐞𝐭 𝐒𝐩𝐞𝐞𝐝 🔥
---------------------------
⌛ Start: 0-5 Minutes
⚡ Delivery: 400k Per Day
---------------------------
☢ Usually no drop (may vary with TikTok updates)
☢ Refill Button: Lifetime
---------------------------
💎 Quality:  HQ Accounts

🚨  Do not place the second order on the same link before your order is completed in the system.
🚨 In case of any problems with the service, please contact support.",,278.025,,0.3,,,,per_item,review,0,,2026-07-16
SMS-0030,1225,1225,🛡️ TikTok Likes ⭐ Lifetime Refill,TikTok Likes  | HQ Accounts | Non Drop | Cancel Enable | Instant Start | Speed: 500k/Day 🚀 | Refill: Lifetime♻️ | 𝐁𝐮𝐥𝐥𝐞𝐭 𝐒𝐩𝐞𝐞𝐝 🚀,14 Hours 4 Minutes,,,278.025,,0.3,,,,per_item,review,0,,2026-07-16
SMS-0031,18,18,👑 TikTok Likes ⭐ HQ Real Profiles,TikTok Likes [𝗛𝗤 & 𝗥𝗲𝗮𝗹 𝗣𝗿𝗼𝗳𝗶𝗹𝗲𝘀 | Low Drop |  ⚡ Speed: 25K/Day | ⏳ Start: 1 Hour | ♻️ Lifetime Refill,44 Minutes,"⚡ Stable Delivery
🚀 Speed: 25K Likes/Day
⏳ Start Time: ~1 Hour
📉 Drop Rate: Possible
♻️ Refill: Lifetime Available
🔒 Safe & Secure | No Password Required
💯 Budget Friendly Service",,278.025,,0.3,,,,per_1000,review,0,,2026-07-16
SMS-0032,21,21,👑 TikTok Likes ⭐ HQ Real Profiles,TikTok Likes  [𝗛𝗤 & 𝗥𝗲𝗮𝗹 𝗣𝗿𝗼𝗳𝗶𝗹𝗲𝘀 | Low Drop |⚡ Speed: 50K/Day | ⏳ Start: 1 Hour | ♻️ Lifetime Refill,33 Minutes,"⚡ Stable Delivery
🚀 Speed: 50K Likes/Day
⏳ Start Time: ~1 Hour
📉 Drop Rate: Possible
♻️ Refill: Lifetime Available
🔒 Safe & Secure | No Password Required
💯 Budget Friendly Service",,278.025,,0.3,,,,per_1000,review,0,,2026-07-16
SMS-0033,22,22,👑 TikTok Likes ⭐ HQ Real Profiles,TikTok Likes  [𝗛𝗤 & 𝗥𝗲𝗮𝗹 𝗣𝗿𝗼𝗳𝗶𝗹𝗲𝘀 | Low Drop | ⚡ Speed: 75K/Day | ⏳ Start: 1 Hour | ♻️ Lifetime Refill,12 Hours 47 Minutes,"⚡ Stable Delivery
🚀 Speed: 75K Likes/Day
⏳ Start Time: ~1 Hour
📉 Drop Rate: Possible
♻️ Refill: Lifetime Available
🔒 Safe & Secure | No Password Required
💯 Budget Friendly Service",,278.025,,0.3,,,,per_1000,review,0,,2026-07-16
SMS-0034,20,20,👑 TikTok Likes ⭐ HQ Real Profiles,TikTok Likes  [𝗛𝗤 & 𝗥𝗲𝗮𝗹 𝗣𝗿𝗼𝗳𝗶𝗹𝗲𝘀 | Low Drop | ⚡ Speed: 100K/Day | ⏳ Start: 1 Hour | ♻️ Lifetime Refill,58 Minutes,"⚡ Stable Delivery
🚀 Speed: 100K Likes/Day
⏳ Start Time: ~1 Hour
📉 Drop Rate: Possible
♻️ Refill: Lifetime Available
🔒 Safe & Secure | No Password Required
💯 Budget Friendly Service",,278.025,,0.3,,,,per_1000,review,0,,2026-07-16
SMS-0035,1361,1361,🚀 TikTok Likes ⭐ Best Speed | Recommended,TikTok Likes | 100% Real Account | 𝟭𝟬𝟬% 𝗡𝗼𝗻~𝗗𝗿𝗼𝗽 | Speed: 1k Per Hour 🚀 | Cancel Enable | Instant Start ⚡ | Refill: No ♻️,10 Hours 32 Minutes,,,278.025,,0.3,,,,per_item,review,0,,2026-07-16
SMS-0036,1362,1362,🚀 TikTok Likes ⭐ Best Speed | Recommended,TikTok Likes | 100% Real Account | 𝟭𝟬𝟬% 𝗡𝗼𝗻~𝗗𝗿𝗼𝗽 | Speed: 1k Per Hour 🚀 | Cancel Enable | Instant Start ⚡ | Refill: 30 Days♻️,42 Minutes,,,278.025,,0.3,,,,per_item,review,0,,2026-07-16
SMS-0037,1363,1363,🚀 TikTok Likes ⭐ Best Speed | Recommended,TikTok Likes | 100% Real Account | 𝟭𝟬𝟬% 𝗡𝗼𝗻~𝗗𝗿𝗼𝗽 | Speed: 1k Per Hour 🚀 | Cancel Enable | Instant Start ⚡ | Refill: Lifetime♻️,23 Minutes,,,278.025,,0.3,,,,per_item,review,0,,2026-07-16
SMS-0038,1316,1316,💯 TikTok Likes ⭐ 100% Non-Drop,TikTok Likes | 100% Real Users | 𝗡𝗼𝗻~𝗗𝗿𝗼𝗽 | Speed: 5k/Day 🚀 | Cancel Enable | Refill: No ♻️,59 Minutes,𝗡𝗼𝗻~𝗗𝗿𝗼𝗽 Since 10 Days,,278.025,,0.3,,,,per_1000,review,0,,2026-07-16
SMS-0039,1317,1317,💯 TikTok Likes ⭐ 100% Non-Drop,TikTok Likes | 100% Real Users | 𝗡𝗼𝗻~𝗗𝗿𝗼𝗽 | Speed: 5k/Day 🚀 | Cancel Enable | Refill: 30 Day ♻️,8 Hours 16 Minutes,𝗡𝗼𝗻~𝗗𝗿𝗼𝗽 Since 10 Days,,278.025,,0.3,,,,per_1000,review,0,,2026-07-16
SMS-0040,1318,1318,💯 TikTok Likes ⭐ 100% Non-Drop,TikTok Likes | 100% Real Users | 𝗡𝗼𝗻~𝗗𝗿𝗼𝗽 | Speed: 5k/Day 🚀 | Cancel Enable | Refill: Lifetime ♻️,3 Hours 9 Minutes,𝗡𝗼𝗻~𝗗𝗿𝗼𝗽 Since 10 Days,,278.025,,0.3,,,,per_1000,review,0,,2026-07-16
SMS-0041,1188,1188,📈 TikTok Likes ⭐ Premium Quality,TikTok Likes | 100% 𝐍𝐨𝐧𝐃𝐫𝐨𝐩 | Real User | Instant | Max : 5K | ɴᴏ ʀᴇꜰɪʟʟ  | 100k perday,11 Hours 36 Minutes,,,278.025,,0.3,,,,per_1000,review,0,,2026-07-16
SMS-0042,1189,1189,📈 TikTok Likes ⭐ Premium Quality,TikTok Likes | 100% 𝐍𝐨𝐧𝐃𝐫𝐨𝐩 | Real User | Instant | Max : 100K | 30 Days Refill   | 5k perday,29 Hours 11 Minutes,,,278.025,,0.3,,,,per_1000,review,0,,2026-07-16
SMS-0043,1191,1191,📈 TikTok Likes ⭐ Premium Quality,"TikTok Likes | 100% 𝐍𝐨𝐧𝐃𝐫𝐨𝐩 | Real User | Instant | Max : 100K | Lifetime Refill | 
5k perday",2 Hours 36 Minutes,,,278.025,,0.3,,,,per_1000,review,0,,2026-07-16
SMS-0044,1250,1250,🔔 TikTok Likes ⭐ Notification Server,TikTok Likes [100% Non-Drop] | Real Active Accounts | Cancel Anytime | Instant Start | Up to 30K Per Day,3 Hours 24 Minutes,This service is currently non-drop. Notifications with likes show in the profile total count.,,278.025,,0.3,,,,per_item,review,0,,2026-07-16
SMS-0045,1251,1251,🔔 TikTok Likes ⭐ Notification Server,TikTok Likes [100% Non-Drop] | Real Active Accounts | Cancel Anytime | Instant Start | Up to 30K/Day | 30 Days Refill,35 Hours 43 Minutes,This service is currently non-drop. Notifications with likes show in the profile total count.,,278.025,,0.3,,,,per_item,review,0,,2026-07-16
SMS-0046,1252,1252,🔔 TikTok Likes ⭐ Notification Server,TikTok Likes [100% Non-Drop] | Real Active Accounts | Cancel Anytime | Instant Start | Up to 30K Daily | Lifetime Guarantee,7 Hours 10 Minutes,This service is currently non-drop. Notifications with likes show in the profile total count.,,278.025,,0.3,,,,per_item,review,0,,2026-07-16
SMS-0047,1066,1066,⚡ TikTok Likes ⭐ Instant Start | Fast Delivery,"TikTok Likes | LQ Accounts | | Instant Activation 🚀 | Daily Capacity: 50,000 | Lifetime Refill ♻️ | UltraFast Completion 🔥",3 Hours 26 Minutes,"🕒 Start Time: 0–5 Minutes
⚡ Speed: Up to 50k Likes Per Day
💎 Quality: Low-Quality Accounts, Safe For Use
📉 Drop Rate: Very rare (TikTok updates may slightly affect)
♻️ Refill: Lifetime Guarantee (via refill button)

⚠️ Important Notes:
Jab tak pehla order system me complete na ho jaye, same link par next order na lagayen.
Kisi bhi issue ki surat me turant support team se rabta karein.",,278.025,,0.3,,,,per_item,review,0,,2026-07-16
SMS-0048,1067,1067,⚡ TikTok Likes ⭐ Instant Start | Fast Delivery,TikTok Likes | Stable LQ Profiles | Zero-Drop Assurance | Instant -Start 🚀 | Delivery: 100k/Day | Lifetime Refill Support ♻️ | UltraFast Performance 🔥,2 Hours 8 Minutes,"🕒 Start Time: Mostly 0–5 Minutes
⚡ Speed: 100,000 Likes Per Day
💎 Quality: LQ Accounts – Fast & Consistent
📉 Drop: Expected to be extremely low
♻️ Refill: Lifetime (button enabled)

⚠️ Guidelines:
Ek hi link par overlapping orders strictly avoid karein.
Agar kisi phase me delay/drops aayein, support se help lein.",,278.025,,0.3,,,,per_item,review,0,,2026-07-16
SMS-0049,1068,1068,⚡ TikTok Likes ⭐ Instant Start | Fast Delivery,TikTok Likes | LQ Active Accounts | Almost Zero-Drop | Instant Live Start 🚀 | Performance: 150k/Day | Permanent Refill System ♻️ | UltraFast Finishing 🔥,1 Hour 9 Minutes,"🕒 Start: 0–5 Minutes
⚡ Speed: 150,000 Likes Daily
💎 Quality: LQ Accounts – Fastest completion
📉 Drop Rate: Nearly none (rare exceptions possible)
♻️ Refill: Lifetime Validity

⚠️ Rules:
Order duplication avoid karein jab tak previous order close na ho.
Masla ho to hamari help team available hai.",,278.025,,0.3,,,,per_item,review,0,,2026-07-16
SMS-0050,1069,1069,⚡ TikTok Likes ⭐ Instant Start | Fast Delivery,TikTok Likes | LQ High-Speed Source | Zero-Drop Pattern | Instant Boost 🚀 | Turbo Delivery: 200k/Day | Lifetime Refill Access ♻️ | UltraFast Finalization 🔥,14 Hours 41 Minutes,"🕒 Start Time: Within 0–5 Minutes
⚡ Speed: 200,000 Likes Per Day (super fast)
💎 Quality: LQ Profiles – High-Volume Stability
📉 Drop: Nearly zero, depends on TikTok system
♻️ Refill: Lifetime, always available

⚠️ Reminder:
Same link par overlapping orders bilkul na karein.
Issue ho to support team se rabta lazmi karein.",,278.025,,0.3,,,,per_1000,review,0,,2026-07-16
SMS-0051,1171,1171,💸 TikTok Followers ⭐ Market Cheapest,TikTok Followers | Real Accounts | Cancel Enable | Instant Start | Speed: 5K/Day 🚀  | Refill: No♻️ | 𝐂𝐡𝐞𝐚𝐩𝐞𝐬𝐭 𝐏𝐫𝐨𝐯𝐢𝐝𝐞𝐫 ᴺᴱᵂ,16 Minutes,"🚀 Start Time: Instant (within 1 Hours)
⚡ Speed: 5k Followers per day
♻️ Refill: No
🔄 Cancel Option: Available
🔗 Required: Provide your Profile link

⚠️ Note: Please wait for the current order to finish before placing another on the same link.",,278.025,,0.3,,,,per_item,review,0,,2026-07-16
SMS-0052,436,436,💸 TikTok Followers ⭐ Market Cheapest,TikTok Followers [ 𝐇𝐢𝐠𝐡 𝐐𝐮𝐚𝐥𝐢𝐭𝐲 ] | 𝐖𝐎𝐑𝐊𝐈𝐍𝐆💯 | Speed: 200 to 500 Per Day | No Refill,106 Hours 47 Minutes,"Start time: 0-2 Hours
Speed: 200 to 500 Per Day
Quality: 𝐇𝐢𝐠𝐡 𝐐𝐮𝐚𝐥𝐢𝐭𝐲",,278.025,,0.3,,,,per_1000,review,0,,2026-07-16
SMS-0053,61,61,🛡️ TikTok Followers ⭐ Lifetime Refill,TikTok Followers 🚀 | Speed: 5k/Day ⚡| No Stuck Risk ✅  | No Drop Risk ✅ | Lifetime Refill 🛡️| VIP Service 🔥,4 Hours 54 Minutes,"🔥 100% Real & Non-Drop TikTok Followers – Premium Service 🚀
⏳ Start Time: Within 0-1 Hour
⚡ Daily Speed: 3K per day Followers
✅ Non-Drop Guarantee
♻ Lifetime Refill Included
✨ Service Highlights:
1️⃣ Authentic Real Accounts
2️⃣ High-Quality, Reliable Service
3️⃣ Balanced Followers & Following

💧 Drip-Feed: Disabled ❌
🌍 Target Audience: Worldwide Reach 🌎
📌 Note: Always Active & Working!
🔗 Link: (Profile)
✨ Important Note:
𝗢𝗻𝗹𝘆 𝘂𝘀𝗲 𝗮 𝗳𝗿𝗲𝘀𝗵 𝗹𝗶𝗻𝗸 𝗳𝗼𝗿 𝗼𝗿𝗱𝗲𝗿𝘀. 𝗢𝘁𝗵𝗲𝗿𝘄𝗶𝘀𝗲, 𝗻𝗼 𝘀𝘂𝗽𝗽𝗼𝗿𝘁 𝘄𝗶𝗹𝗹 𝗯𝗲 𝗽𝗿𝗼𝘃𝗶𝗱𝗲𝗱.",,278.025,,0.3,,,,per_item,review,0,,2026-07-16
SMS-0054,1212,1212,🛡️ TikTok Followers ⭐ Lifetime Refill,TikTok Premium Followers | (🇵🇰 Pakistani + 🌍 Mixed) | High‑Quality Accounts (10–20) | 𝟭𝟬𝟬% Non-Drop Guarantee ✅ | Refill: Lifetime♻️ | Speed: 10k/Day ⚡ | VIP Service  🔥,1 Hour 8 Minutes,"🔥 100% Real &amp; Non-Drop TikTok Followers – Premium Service 🚀
⏳ Start Time: Within 0-1 Hour
⚡ Daily Speed: 10K per day Followers
✅ Non-Drop Guarantee
♻ Lifetime Refill Included
✨ Service Highlights:
1️⃣ Authentic Real Accounts
2️⃣ High-Quality, Reliable Service
3️⃣ Balanced Followers &amp; Following

💧 Drip-Feed: Disabled ❌
🌍 Target Audience: Worldwide Reach 🌎
📌 Note: Always Active &amp; Working!
🔗 Link: (Profile)
✨ Important Note:
𝗢𝗻𝗹𝘆 𝘂𝘀𝗲 𝗮 𝗳𝗿𝗲𝘀𝗵 𝗹𝗶𝗻𝗸 𝗳𝗼𝗿 𝗼𝗿𝗱𝗲𝗿𝘀. 𝗢𝘁𝗵𝗲𝗿𝘄𝗶𝘀𝗲, 𝗻𝗼 𝘀𝘂𝗽𝗽𝗼𝗿𝘁 𝘄𝗶𝗹𝗹 𝗯𝗲 𝗽𝗿𝗼𝘃𝗶𝗱𝗲𝗱.",,278.025,,0.3,,,,per_item,review,0,,2026-07-16
SMS-0055,1241,1241,🚀 TikTok Followers ⭐ Best Speed,TikTok Followers  | HQ Profiles | Ultra Fast- Instant Start | Fast 𝗖𝗢𝗠𝗣𝗟𝗘𝗧𝗘 🚀 | Day 10K 🚀,10 Minutes,"⚠️ Please Read the Description

- Link: Tiktok Profile Link
- Location: Worldwide 🌍
- Quality: HQ & Profiles With Photo
- Start: 0-5 Minutes
- Speed: Day 50K 🚀
- Refill Time: No Refill ⚠️
- Cancel Button: Active 🚫

Notes:
- The start time and speed may change at any time due to high demand of the service.
- In case of any problems with the service, please contact support.",,278.025,,0.3,,,,per_1000,review,0,,2026-07-16
SMS-0056,1242,1242,🚀 TikTok Followers ⭐ Best Speed,TikTok Followers  | HQ Profiles | Ultra Fast- Instant Start || Fast 𝗖𝗢𝗠𝗣𝗟𝗘𝗧𝗘 🚀 | Day 20K 🚀,1 Hour 52 Minutes,"⚠️ Please Read the Description

- Link: Tiktok Profile Link
- Location: Worldwide 🌍
- Quality: HQ & Profiles With Photo
- Start: 0-5 Minutes
- Speed: Day 50k 🚀
- Refill Time: NO ♻️
- Cancel Button: Active 🚫

Notes:
- The start time and speed may change at any time due to high demand of the service.
- In case of any problems with the service, please contact support.",,278.025,,0.3,,,,per_1000,review,0,,2026-07-16
SMS-0057,1240,1240,🚀 TikTok Followers ⭐ Best Speed,TikTok Followers [ Max 1M ] | HQ Real People | Cancel Enable | Instant Start | No Refill ⚠️ | Day 50K ⚡,2 Hours 35 Minutes,"⚠️ Please Read the Description

- Link: Tiktok Profile Link
- Location: Worldwide 🌍
- Quality: HQ & Profiles With Photo
- Start: 0-5 Minutes
- Speed: Day 100K 🚀
- Refill Time: No Refill ⚠️
- Cancel Button: Active 🚫

Notes:
- The start time and speed may change at any time due to high demand of the service.
- In case of any problems with the service, please contact support.",,278.025,,0.3,,,,per_1000,review,0,,2026-07-16
SMS-0058,1243,1243,🚀 TikTok Followers ⭐ Best Speed,TikTok Followers [ Max  500K ] | HQ Profiles | Ultra Fast- Instant Start | 30 Days Refill♻️| Fast 𝗖𝗢𝗠𝗣𝗟𝗘𝗧𝗘 🚀 | Day 100K 🚀,19 Hours 27 Minutes,"⚠️ Please Read the Description

- Link: Tiktok Profile Link
- Location: Worldwide 🌍
- Quality: HQ & Profiles With Photo
- Start: 0-5 Minutes
- Speed: Day 50K 🚀
- Refill Time: 30 Days ♻️
- Cancel Button: Active 🚫

Notes:
- The start time and speed may change at any time due to high demand of the service.
- In case of any problems with the service, please contact support.",,278.025,,0.3,,,,per_1000,review,0,,2026-07-16
SMS-0059,1285,1285,🚀 TikTok Followers ⭐ Best Speed,TikTok Followers | 𝟭𝟬𝟬% Real Profiles Old Accounts With Videos) | Cancel Enable | Refill: No ⚠️ | Instant Start | Speed: 100K/Day🚀 𝐁𝐄𝐒𝐓 𝐒𝐏𝐄𝐄𝐃 🚀,11 Hours 46 Minutes,,,278.025,,0.3,,,,per_item,review,0,,2026-07-16
SMS-0060,1286,1286,🚀 TikTok Followers ⭐ Best Speed,TikTok Followers | 𝟭𝟬𝟬% Real Profiles Old Accounts With Videos) | Cancel Enable | Refill: 30 Days♻️ | Instant Start | Speed: 100K/Day🚀 𝐁𝐄𝐒𝐓 𝐒𝐏𝐄𝐄𝐃 🚀,37 Minutes,,,278.025,,0.3,,,,per_item,review,0,,2026-07-16
SMS-0061,1282,1282,👥 TikTok Followers ⭐ Premium,TikTok Followers | Premium Quality 💎| Active Accounts 🔥 (10–20 Videos) | Speed: Up to 1K per Day | 100% Non-Drop 🔒 | Refill: No | Start Time: 0–24hrs⏱,20 Minutes,"𝐂𝐨𝐦𝐩𝐥𝐞𝐭𝐞 𝐓𝐢𝐦𝐞: 𝟐𝟒–𝟒𝟖 𝐇𝐨𝐮𝐫𝐬 ⏳🚀

This service is 100% Non-Drop. Start time may be delayed because followers are delivered through advertising campaigns. 

✨ Important Note:
𝗢𝗻𝗹𝘆 𝘂𝘀𝗲 𝗮 𝗳𝗿𝗲𝘀𝗵 𝗹𝗶𝗻𝗸 𝗳𝗼𝗿 𝗼𝗿𝗱𝗲𝗿𝘀. 𝗢𝘁𝗵𝗲𝗿𝘄𝗶𝘀𝗲, 𝗻𝗼 𝘀𝘂𝗽𝗽𝗼𝗿𝘁 𝘄𝗶𝗹𝗹 𝗯𝗲 𝗽𝗿𝗼𝘃𝗶𝗱𝗲𝗱.
🔗 Link: [Insert Your Profile Link]",,278.025,,0.3,,,,per_item,review,0,,2026-07-16
SMS-0062,1020,1020,👥 TikTok Followers ⭐ Premium,TikTok Followers | Premium Quality 💎 | Real HQ Profiles | Speed: Up to 50K per Day | 100% Non-Drop 🔒 | Lifetime Stable ♻️ | Start Time: 0–5 Minutes ⏱,29 Minutes,"🔥 100% Non-Drop 🔥
---------------------------
⌛ Start: 0-5 Minutes
⚡ Delivery: 50k Per Day
---------------------------
☢ Dropping: 𝗭𝗲𝗿𝗼~𝗗𝗿𝗼𝗽 %
☢ Refill Button: Lifetime
---------------------------
💎 Quality: Premium Quality 💎
Example link: https://www.tiktok.com/@tiktok

📋 Note:
🚨 Make sure your profile is public. If it’s private, the order will be marked as completed and no refund will be possible.
🚨 We cannot provide refills if the current count is less than the start count.
🚨 No refunds will be issued if the link is changed, removed, or incorrect.
🚨 Do not place multiple orders for the same link; please wait until the first one is completed.",,278.025,,0.3,,,,per_1000,review,0,,2026-07-16
SMS-0063,1287,1287,⚡ TikTok Followers ⭐ Instant Start,TikTok Followers | 𝐓𝐎𝐏 𝐒𝐏𝐄𝐄𝐃🚀 | [ Max 10M ] | HQ Real People | Refill: No ♻️ | Instant Start | 𝟭 𝗠𝗶𝗻𝘂𝘁𝗲 𝗖𝗼𝗺𝗽𝗹𝗲𝘁𝗲𝗱 🔥,34 Minutes,"⚡ Provider Rate - For API Users ⚡

🚀 Start Time: Instant (within 1 Hours)
⚡ Speed: 200K Followers per day
♻️ Lifetime Refill: No
🔄 Cancel Option: Available
🔐 Drop Rate: 0% (Guaranteed)
🔗 Required: Provide your Profile link

⚠️ Note: Please wait for the current order to finish before placing another on the same link.",,278.025,,0.3,,,,per_1000,review,0,,2026-07-16
SMS-0064,1288,1288,⚡ TikTok Followers ⭐ Instant Start,TikTok Followers | 𝐓𝐎𝐏 𝐒𝐏𝐄𝐄𝐃🚀 | [ Max 10M ] | HQ Real People | Refill: 𝟯𝟬𝗗𝗮𝘆𝘀♻️ | Instant Start | 𝟭 𝗠𝗶𝗻𝘂𝘁𝗲 𝗖𝗼𝗺𝗽𝗹𝗲𝘁𝗲𝗱 🔥,19 Hours 52 Minutes,"⚡ Provider Rate - For API Users ⚡

🚀 Start Time: Instant (within 1 Hours)
⚡ Speed: 200K Followers per day
♻️ Lifetime Refill: No
🔄 Cancel Option: Available
🔐 Drop Rate: 0% (Guaranteed)
🔗 Required: Provide your Profile link

⚠️ Note: Please wait for the current order to finish before placing another on the same link.",,278.025,,0.3,,,,per_1000,review,0,,2026-07-16
SMS-0065,1291,1291,♻️ TikTok Followers ⭐𝟭𝟬𝟬% Refill,TikTok Followers | 𝟭𝟬𝟬% 𝗥𝗘𝗔𝗟 𝗣𝗥𝗢𝗙𝗜𝗟𝗘  | Speed: 5kDay | Non-Drop | Refill: 30Days♻️ | 𝟭𝟬𝟬% 𝗥𝗲𝗳𝗶𝗹𝗹 𝗕𝘂𝘁𝘁𝗼𝗻 𝗪𝗼𝗿𝗸𝗶𝗻𝗴,42 Minutes,"🚀 Start Time: Instant (within 1 Hours)
⚡ Speed: 5K Followers per day
♻️ 30 Days 𝗥𝗘𝗙𝗜𝗟𝗟 𝐁𝐮𝐭𝐭𝐨𝐧 𝐄𝐧𝐚𝐛𝐥𝐞𝐝 ♻️
🔄 Cancel Option: Available
🔗 Required: Provide your Profile link

⚠️ If you place order on video link Order will mark as completed and Refund not possiable.",,278.025,,0.3,,,,per_1000,review,0,,2026-07-16
SMS-0066,1292,1292,♻️ TikTok Followers ⭐𝟭𝟬𝟬% Refill,TikTok Followers | 𝟭𝟬𝟬% 𝗥𝗘𝗔𝗟 𝗣𝗥𝗢𝗙𝗜𝗟𝗘 | Speed: 10kDay | Non-Drop | Refill: 30Days♻️ | 𝟭𝟬𝟬% 𝗥𝗲𝗳𝗶𝗹𝗹 𝗕𝘂𝘁𝘁𝗼𝗻 𝗪𝗼𝗿𝗸𝗶𝗻𝗴,27 Hours 9 Minutes,"🚀 Start Time: Instant (within 1 Hours)
⚡ Speed: 10K Followers per day
♻️ 30 Days 𝗥𝗘𝗙𝗜𝗟𝗟 𝐁𝐮𝐭𝐭𝐨𝐧 𝐄𝐧𝐚𝐛𝐥𝐞𝐝 ♻️
🔄 Cancel Option: Available
🔗 Required: Provide your Profile link

⚠️ If you place order on video link Order will mark as completed and Refund not possiable.",,278.025,,0.3,,,,per_1000,review,0,,2026-07-16
SMS-0067,1289,1289,📈 TikTok Followers ⭐ Monetization,TikTok 𝗠𝗼𝗻𝗲𝘁𝗶𝘇𝗮𝗯𝗹𝗲 𝗙𝗼𝗹𝗹𝗼𝘄𝗲𝗿𝘀 | High‑Quality Accounts (10–20 Videos) | Speed: 50k/Day 🚀 | Refill: No ♻️| Start Time: 5mint ⏱️ | 𝗙𝗮𝘀𝘁𝗲𝘀𝘁 𝗦𝗽𝗲𝗲𝗱 🚀,32 Minutes,"⌛ Start Time: 0-15 Minutes
⚡Speed: 50k Per Day
-------------------------------------------------------
1.) Real Looking
2.) Have a post and profile
3.) Have followers & Following both

-------------------------------------------------------
🌎Target Country: Worldwide
-------------------------------------------------------
Note:~ Always Working
►Link Example Profile Link
-------------------------------------------------------",,278.025,,0.3,,,,per_item,review,0,,2026-07-16
SMS-0068,1290,1290,📈 TikTok Followers ⭐ Monetization,TikTok 𝗠𝗼𝗻𝗲𝘁𝗶𝘇𝗮𝗯𝗹𝗲 𝗙𝗼𝗹𝗹𝗼𝘄𝗲𝗿𝘀 | High‑Quality Accounts (10–20 Videos) | Speed: 50k/Day 🚀 | Refill: 𝟯𝟬 𝗗𝗮𝘆𝘀♻️| Start Time: 5mint ⏱️ | 𝗙𝗮𝘀𝘁𝗲𝘀𝘁 𝗦𝗽𝗲𝗲𝗱 🚀,27 Hours 26 Minutes,"⌛ Start Time: 0-15 Minutes
⚡Speed: 50k Per Day
-------------------------------------------------------
1.) Real Looking
2.) Have a post and profile
3.) Have followers & Following both

-------------------------------------------------------
🌎Target Country: Worldwide
-------------------------------------------------------
Note:~ Always Working
►Link Example Profile Link
-------------------------------------------------------",,278.025,,0.3,,,,per_item,review,0,,2026-07-16
SMS-0069,1283,1283,👑 TikTok Followers ⭐ HQ Real Profiles,TikTok Followers | 𝗛𝗤 Profile Picture Accounts | Refill: No | Instant Start |Speed: Day 50K🚀 𝐂𝐡𝐞𝐚𝐩𝐞𝐬𝐭 Super Fast ᴺᴱᵂ,1 Hour 45 Minutes,,,278.025,,0.3,,,,per_item,review,0,,2026-07-16
SMS-0070,1284,1284,👑 TikTok Followers ⭐ HQ Real Profiles,TikTok Followers | 𝗛𝗤 Profile Picture Accounts | Refill: No | Instant Start |Speed: Day 100K🚀 𝐂𝐡𝐞𝐚𝐩𝐞𝐬𝐭 Super Fastᴺᴱᵂ,8 Hours 42 Minutes,,,278.025,,0.3,,,,per_item,review,0,,2026-07-16
SMS-0071,1342,1342,🇵🇰 TikTok Followers ⭐ Sponsored (For You Ads),Tiktok Followers | Real Sponsor Ads | 𝐍𝐨𝐧 𝐃𝐫𝐨𝐩 | Quality: High | Speed: 50K+ Per Day | Start: 0-48 Hours | Min 10K | [ Islamic Video Provided By Us ] | Read Description | 𝐋𝐢𝐟𝐞𝐭𝐢𝐦𝐞 𝐑𝐞𝐟𝐢𝐥𝐥 | ♻️🔥💫,42 Minutes,"# 🇵🇰 TikTok Sponsored Ads – Real Pakistani Followers & Engagement

🚀 **Official TikTok Sponsored Ads Campaign**

## 📲 Before Placing Your Order

⚠️ **Do NOT place your order directly.**

Please **contact our support team on WhatsApp first** and send your TikTok video link.

**WhatsApp Support:** +92 349 8480108

Our team will review your video and start the sponsored campaign.

---

## ✅ What You May Receive

Through our sponsored TikTok advertising campaign, your video can receive:

✔ Real Pakistani Followers 🇵🇰
✔ Real Likes ❤️
✔ Real Video Views 👀
✔ Real Shares 🔄
✔ Real Favorites ⭐
✔ Profile Visits 👤
✔ Comments 💬 *(when available)*

---

## 🔥 Service Features

✅ Official TikTok Sponsored Ads
✅ 100% Real Pakistani Audience
✅ No Bots & No Fake Traffic
✅ Safe for TikTok Accounts
✅ Suitable for All Types of Content (including Islamic videos)
✅ Helps Increase Reach, Followers & Engagement
✅ Great for Creators, Businesses & Brands

---

## ⚠️ Important Information

• **Your video does NOT need to go viral to receive results.**
• **Even Islamic videos and other normal content can be promoted through this service.**
• We will provide the sponsored advertising from our side after reviewing your video on WhatsApp.
• Results depend on the advertising campaign and audience response, so exact numbers cannot be guaranteed.

📲 **Contact on WhatsApp Before Ordering**

**+92 349 8480108**",,278.025,,0.3,,,,per_item,review,0,,2026-07-16
SMS-0072,1343,1343,🇵🇰 TikTok Followers ⭐ Sponsored (For You Ads),Tiktok Followers | Real Sponsor Ads | 𝐍𝐨𝐧 𝐃𝐫𝐨𝐩 | Quality: High | Speed: 50K+ Per Day | Start: 0-48 Hours | Min 1K | [ Islamic Video Provided By Us ] | Read Description | 𝐋𝐢𝐟𝐞𝐭𝐢𝐦𝐞 𝐑𝐞𝐟𝐢𝐥𝐥 | ♻️🔥💫,26 Minutes,"# 🇵🇰 TikTok Sponsored Ads – Real Pakistani Followers & Engagement

🚀 **Official TikTok Sponsored Ads Campaign**

## 📲 Before Placing Your Order

⚠️ **Do NOT place your order directly.**

Please **contact our support team on WhatsApp first** and send your TikTok video link.

**WhatsApp Support:** +92 349 8480108

Our team will review your video and start the sponsored campaign.

---

## ✅ What You May Receive

Through our sponsored TikTok advertising campaign, your video can receive:

✔ Real Pakistani Followers 🇵🇰
✔ Real Likes ❤️
✔ Real Video Views 👀
✔ Real Shares 🔄
✔ Real Favorites ⭐
✔ Profile Visits 👤
✔ Comments 💬 *(when available)*

---

## 🔥 Service Features

✅ Official TikTok Sponsored Ads
✅ 100% Real Pakistani Audience
✅ No Bots & No Fake Traffic
✅ Safe for TikTok Accounts
✅ Suitable for All Types of Content (including Islamic videos)
✅ Helps Increase Reach, Followers & Engagement
✅ Great for Creators, Businesses & Brands

---

## ⚠️ Important Information

• **Your video does NOT need to go viral to receive results.**
• **Even Islamic videos and other normal content can be promoted through this service.**
• We will provide the sponsored advertising from our side after reviewing your video on WhatsApp.
• Results depend on the advertising campaign and audience response, so exact numbers cannot be guaranteed.

📲 **Contact on WhatsApp Before Ordering**

**+92 349 8480108**",,278.025,,0.3,,,,per_item,review,0,,2026-07-16
SMS-0073,1344,1344,🇵🇰 TikTok Followers ⭐ Sponsored (For You Ads),Tiktok Followers | Real Sponsor Ads | 𝐍𝐨𝐧 𝐃𝐫𝐨𝐩 | Quality: High | Speed: 50K+ Per Day | Start: 0-48 Hours | Min 500 | [ Islamic Video Provided By Us ] | Read Description | 𝐋𝐢𝐟𝐞𝐭𝐢𝐦𝐞 𝐑𝐞𝐟𝐢𝐥𝐥 | ♻️🔥💫,6 Hours 52 Minutes,"# 🇵🇰 TikTok Sponsored Ads – Real Pakistani Followers & Engagement

🚀 **Official TikTok Sponsored Ads Campaign**

## 📲 Before Placing Your Order

⚠️ **Do NOT place your order directly.**

Please **contact our support team on WhatsApp first** and send your TikTok video link.

**WhatsApp Support:** +92 349 8480108

Our team will review your video and start the sponsored campaign.

---

## ✅ What You May Receive

Through our sponsored TikTok advertising campaign, your video can receive:

✔ Real Pakistani Followers 🇵🇰
✔ Real Likes ❤️
✔ Real Video Views 👀
✔ Real Shares 🔄
✔ Real Favorites ⭐
✔ Profile Visits 👤
✔ Comments 💬 *(when available)*

---

## 🔥 Service Features

✅ Official TikTok Sponsored Ads
✅ 100% Real Pakistani Audience
✅ No Bots & No Fake Traffic
✅ Safe for TikTok Accounts
✅ Suitable for All Types of Content (including Islamic videos)
✅ Helps Increase Reach, Followers & Engagement
✅ Great for Creators, Businesses & Brands

---

## ⚠️ Important Information

• **Your video does NOT need to go viral to receive results.**
• **Even Islamic videos and other normal content can be promoted through this service.**
• We will provide the sponsored advertising from our side after reviewing your video on WhatsApp.
• Results depend on the advertising campaign and audience response, so exact numbers cannot be guaranteed.

📲 **Contact on WhatsApp Before Ordering**

**+92 349 8480108**",,278.025,,0.3,,,,per_item,review,0,,2026-07-16
SMS-0074,1345,1345,🇵🇰 TikTok Followers ⭐ Monetization Package,TikTok Monetization Package | Real Sponsor | 100K Views + 10K Followers | PAK 🇵🇰 | Best for Monetization | Non Drop | Start Within 24-48 Hours | Lifetime Guarantee,0 Minutes,"🔥 TikTok Monetization Package – Real Sponsored Views & Followers 🔥

🔸 Start Time: 24–48 Hours
🔸 Quality: Real Users (Sponsored Views + Sponsored Followers)
🔸 Country Targeting: Pakistan 🇵🇰

📌 What You Will Get:
✅ Real Sponsored Views
✅ Real Likes & Shares
✅ Real Sponsored Followers
✅ High-Quality TikTok Ads Promotion
✅ 100% Real Service – TikTok Ads Agency Backed
✅ Best for Completing TikTok Monetization Criteria

💬 This service is only for completing TikTok monetization requirements.
📌 Monetization must be enabled manually from your TikTok account after completing the criteria.

📌 Requirements:
🔸 TikTok Profile Link Required
🔸 1 Islamic Video Uploaded Account Required

⚠️ Only Islamic Content Accepted
⚠️ No Copyright Music or Videos Allowed





📞 WhatsApp Support Team: +923498480108

🙏 Thank You!",,278.025,,0.3,,,,per_item,review,0,,2026-07-16
SMS-0075,1156,1156,💸 TikTok Views ⭐ Cheapest,TikTok Video Views [ Max Unlimited ] | Instant Start | Day 10M [ Cheap ] 𝐔𝐋𝐓𝐑𝐀 𝐅𝐀𝐒𝐓 🚀,3 Hours 35 Minutes,"⚠️ Important: Yeh No Refill / No Guarantee Service hai. Agar order drop, delay ya cancel ho jaye to us par refill ya refund available nahi hoga. Provider side issues par hum responsible nahi honge.",,278.025,,0.3,,,,per_1000,review,0,,2026-07-16
SMS-0076,1394,1394,💸 TikTok Views ⭐ Cheapest,TikTok Video Views [ Max Unlimited ] | HQ | Cancel Enable | Refill: No⚠️ | Instant Start | Speed: Day 100M 🚀,3 Hours 7 Minutes,"⚠️ Important: Yeh No Refill / No Guarantee Service hai. Agar order drop, delay ya cancel ho jaye to us par refill ya refund available nahi hoga. Provider side issues par hum responsible nahi honge.",,278.025,,0.3,,,,per_1000,review,0,,2026-07-16
SMS-0077,1393,1393,💸 TikTok Views ⭐ Cheapest,TikTok Video Views [ Max Unlimited ] | HQ | Cancel Enable | Refill: No⚠️ | Instant Start | Speed: Day 10M 🚀,55 Minutes,,,278.025,,0.3,,,,per_1000,review,0,,2026-07-16
SMS-0078,1322,1322,💸 TikTok Views ⭐ Cheapest,TikTok Video Views [ Max Unlimited ] | HQ | Cancel Enable | No Refill ⚠️ | Instant Start | Day 100M 🚀🚀,0 Minutes,,,278.025,,0.3,,,,per_1000,review,0,,2026-07-16
SMS-0079,1157,1157,💸 TikTok Views ⭐ Cheapest,TikTok Video Views [ Max Unlimited ] | Instant Start | Day 50M [ Cheap ] 𝐔𝐋𝐓𝐑𝐀 𝐅𝐀𝐒𝐓 🚀,7 Minutes,,,278.025,,0.3,,,,per_1000,review,0,,2026-07-16
SMS-0080,1323,1323,💸 TikTok Views ⭐ Cheapest,TikTok Video Views [ Max Unlimited ] | HQ | Cancel Enable | No Refill ⚠️ | Instant Start | Day 100M 🚀🚀,15 Minutes,,,278.025,,0.3,,,,per_1000,review,0,,2026-07-16
SMS-0081,1101,1101,🇵🇰TikTok Views ⭐ Premium  Sponsored Ads,TikTok Views Sponsor Ads [Minimum 100K Views + Bonus Likes] [100% Pakistani Users] [Lifetime Refill ♻️] [Start Time 0-2 Hours],0 Minutes,"🚀 TikTok Sponsored Ads Views — 100% Real Pakistani Users

This service delivers views via official TikTok Sponsored Ads, ensuring genuine engagement from Pakistani audiences. Along with views, you may also receive bonus likes & interactions, depending on your video quality, content type, and audience interest.

⚡ Key Features:

✅ 100% Real Pakistani Users

✅ Views via TikTok Ads (Safe & Genuine)

✅ Lifetime Refill ♻️ (if views drop)

✅ Start Time: 0–6 Hours

✅ Bonus Likes & Engagement (estimated, not guaranteed)



📋 Before Placing Your Order (MUST-DO STEPS)

To allow us to run ads and deliver views on your content, please enable promotion permissions in TikTok Studio:

1️⃣ Open your TikTok account.
2️⃣ Open TikTok Studio.
3️⃣ Click on Promote option.
4️⃣ Tap on Mine.
5️⃣ Click on Request.
6️⃣ Select Control Promotion Settings.
7️⃣ Enable Allow Promotion from Everyone ✅

Without this setting, ads cannot run on your videos.

⚠️ Important Notes

Engagement depends on your video quality & audience reaction.

Likes, shares, and comments are bonus — we only guarantee the views.

Delivery speed varies depending on TikTok Ads performance.

These are ads-based views, so results may fluctuate slightly.",,278.025,,0.3,,,,per_item,review,0,,2026-07-16
SMS-0082,1100,1100,🇵🇰TikTok Views ⭐ Premium  Sponsored Ads,TikTok Views Sponsor Ads [Minimum 50K Views + Bonus Likes] [100% Pakistani Users] [Lifetime Refill ♻️] [Start Time 0-2 Hours],1 Hours 47 Minutes,"🚀 TikTok Sponsored Ads Views — 100% Real Pakistani Users

This service delivers views via official TikTok Sponsored Ads, ensuring genuine engagement from Pakistani audiences. Along with views, you may also receive bonus likes & interactions, depending on your video quality, content type, and audience interest.

⚡ Key Features:

✅ 100% Real Pakistani Users

✅ Views via TikTok Ads (Safe & Genuine)

✅ Lifetime Refill ♻️ (if views drop)

✅ Start Time: 0–6 Hours

✅ Bonus Likes & Engagement (estimated, not guaranteed)



📋 Before Placing Your Order (MUST-DO STEPS)

To allow us to run ads and deliver views on your content, please enable promotion permissions in TikTok Studio:

1️⃣ Open your TikTok account.
2️⃣ Open TikTok Studio.
3️⃣ Click on Promote option.
4️⃣ Tap on Mine.
5️⃣ Click on Request.
6️⃣ Select Control Promotion Settings.
7️⃣ Enable Allow Promotion from Everyone ✅

Without this setting, ads cannot run on your videos.

⚠️ Important Notes

Engagement depends on your video quality & audience reaction.

Likes, shares, and comments are bonus — we only guarantee the views.

Delivery speed varies depending on TikTok Ads performance.

These are ads-based views, so results may fluctuate slightly.",,278.025,,0.3,,,,per_item,review,0,,2026-07-16
SMS-0083,903,903,🇵🇰TikTok Views ⭐ Premium  Sponsored Ads,TikTok Views Sponsor Ads [Minimum 20K Views + Bonus Likes] [100% Pakistani Users] [Lifetime Refill ♻️] [Start Time 0-2 Hours],0 Minutes,"🚀 TikTok Sponsored Ads Views — 100% Real Pakistani Users

This service delivers views via official TikTok Sponsored Ads, ensuring genuine engagement from Pakistani audiences. Along with views, you may also receive bonus likes & interactions, depending on your video quality, content type, and audience interest.

⚡ Key Features:

✅ 100% Real Pakistani Users

✅ Views via TikTok Ads (Safe & Genuine)

✅ Lifetime Refill ♻️ (if views drop)

✅ Start Time: 0–6 Hours

✅ Bonus Likes & Engagement (estimated, not guaranteed)

1250 PKR → ~15,000 – 18,000 Views → ~2,000 – 3,000 Likes (estimated)

📋 Before Placing Your Order (MUST-DO STEPS)

To allow us to run ads and deliver views on your content, please enable promotion permissions in TikTok Studio:

1️⃣ Open your TikTok account.
2️⃣ Open TikTok Studio.
3️⃣ Click on Promote option.
4️⃣ Tap on Mine.
5️⃣ Click on Request.
6️⃣ Select Control Promotion Settings.
7️⃣ Enable Allow Promotion from Everyone ✅

Without this setting, ads cannot run on your videos.

⚠️ Important Notes

Engagement depends on your video quality & audience reaction.

Likes, shares, and comments are bonus — we only guarantee the views.

Delivery speed varies depending on TikTok Ads performance.

These are ads-based views, so results may fluctuate slightly.",,278.025,,0.3,,,,per_item,review,0,,2026-07-16
SMS-0084,904,904,🇵🇰TikTok Views ⭐ Premium  Sponsored Ads,TikTok Views Sponsor Ads [Minimum 10K Views + Bonus Likes] [100% Pakistani Users] [Lifetime Refill ♻️] [Start Time 0-2 Hours],0 Minutes,"🚀 TikTok Sponsored Ads Views — 100% Real Pakistani Users

This service delivers views via official TikTok Sponsored Ads, ensuring genuine engagement from Pakistani audiences. Along with views, you may also receive bonus likes & interactions, depending on your video quality, content type, and audience interest.

⚡ Key Features:

✅ 100% Real Pakistani Users

✅ Views via TikTok Ads (Safe & Genuine)

✅ Lifetime Refill ♻️ (if views drop)

✅ Start Time: 0–6 Hours

✅ Bonus Likes & Engagement (estimated, not guaranteed)

850 PKR → ~9,000 – 11,000 Views → ~1,300 – 2,000 Likes (estimated)

📋 Before Placing Your Order (MUST-DO STEPS)

To allow us to run ads and deliver views on your content, please enable promotion permissions in TikTok Studio:

1️⃣ Open your TikTok account.
2️⃣ Open TikTok Studio.
3️⃣ Click on Promote option.
4️⃣ Tap on Mine.
5️⃣ Click on Request.
6️⃣ Select Control Promotion Settings.
7️⃣ Enable Allow Promotion from Everyone ✅

Without this setting, ads cannot run on your videos.

⚠️ Important Notes

Engagement depends on your video quality & audience reaction.

Likes, shares, and comments are bonus — we only guarantee the views.

Delivery speed varies depending on TikTok Ads performance.

These are ads-based views, so results may fluctuate slightly.",,278.025,,0.3,,,,per_item,review,0,,2026-07-16
SMS-0085,905,905,🇵🇰TikTok Views ⭐ Premium  Sponsored Ads,TikTok Views Sponsor Ads [Minimum 5K Views + Bonus Likes] [100% Pakistani Users] [Lifetime Refill ♻️] [Start Time 0-2 Hours],7 Hours 31 Minutes,,,278.025,,0.3,,,,per_1000,review,0,,2026-07-16
SMS-0086,1113,1113,🇵🇰TikTok Views ⭐ Premium  Sponsored Ads,TikTok Views Sponsor Ads [minmum 1k  Views+ Bonus Likes] [ 100% Pakistani Users ] [ Lifetime Refill ♻️ ] [ Start Time 0-2Hours ],3 Hours 52 Minutes,,,278.025,,0.3,,,,per_1000,review,0,,2026-07-16
SMS-0087,1151,1151,⚡ TikTok Views ⭐ Instant Start,TikTok Video Views [ Max Unlimited ] | HQ | Non Drop | No Refill ⚠️ | Instant Start | Day 5M 🚀,9 Hours 19 Minutes,,,278.025,,0.3,,,,per_1000,review,0,,2026-07-16
SMS-0088,1087,1087,🎯 TikTok Views ⭐ Stable Server,TikTok Video Views | Ultra-Fast Delivery Up to 5M+ Daily | Quick Launch 0–5 Minutes | Lifetime Refill Access Enabled | High Stability Traffic | Growth Service ✅🔥⚡,9 Minutes,"🚀 Activation Time: Rapid Start (Within 60 Minutes)
📊 Daily Delivery: Up to 5M+ Views
🛡 Service Coverage: Lifetime Assurance with Unlimited Refills
🔄 Refill Handling: Fast Processing (Up to 1 Hour)
🔗 Required: TikTok Video URL
📌 Important Notice:
Minor drops may occur due to platform updates. If any drop is noticed, please press the Refill button or submit a refill request, and the balance will be restored according to the service policy.

 Note 
Quantity 1000 ya 100 ,200 ya 2000 asy typ krow 300 ya 400 asy 
350 ya 150 ya 108 asy random accept nhi ha is case ma refund be nhi ha",,278.025,,0.3,,,,per_1000,review,0,,2026-07-16
SMS-0089,1098,1098,❤️ TikTok Views ⭐ Recommended,TikTok Views | Slow Start System | 10M+/Day Speed |No  Drop  |(Complet Time 24_48 hours)Lifetime Refill ♻️  | Stable Processing,7 Hours 41 Minutes,"⏱️ Start Time: 12–24 hours after placing the order
(Special note: Start time may be slightly delayed, but this service is 100% non-drop.)

📊 Speed: 500K–700K views per day
✅ 0% Drop Guarantee: Your views remain stable and secure
🎯 Promotional & Non-Drop: Ideal for organic growth
♻️ Lifetime Refill: We keep your numbers consistent
🚨 Please do not place orders on photos; Only place orders on videos.",,278.025,,0.3,,,,per_1000,review,0,,2026-07-16
SMS-0090,1124,1124,❤️ TikTok Views ⭐ Recommended,TikTok Video Views | Speed: 1M/Day 🚀 | 𝟭𝟬𝟬% 𝐍𝐨𝐧 𝐃𝐫𝐨𝐩 🔒 | Refill: Lifetime ♻️ | Start Time: 𝟯 𝐓𝐎 𝟲 𝐡𝐨𝐮𝐫𝐬 ⏱️ 𝐅𝐚𝐬𝐭 𝐂𝐨𝐦𝐩𝐥𝐞𝐭𝐞,24 Minutes,,,278.025,,0.3,,,,per_1000,review,0,,2026-07-16
SMS-0091,587,587,📈 TikTok Views ⭐ Monetization,𝗧𝗶𝗸𝗧𝗼𝗸 𝗠𝗼𝗻𝗲𝘁𝗶𝘇𝗮𝘁𝗶𝗼𝗻 𝗩𝗶𝗲𝘄𝘀 🌍 [ 𝗪𝗼𝗿𝗹𝗱𝘄𝗶𝗱𝗲 ] [ Min : 100K ] 🚀 𝗦𝗽𝗲𝗲𝗱: 20K/𝗗𝗮𝘆 🚀🔥 𝗦𝘂𝗽𝗲𝗿 𝗙𝗮𝘀𝘁 ⚡️,30 Hours 35 Minutes,"𝐌𝐨𝐧𝐞𝐭𝐢𝐬𝐚𝐭𝐢𝐨𝐧 𝐕𝐢𝐞𝐰𝐬 ⚡ 
⭐ Start Time: 0-48 Hours 
⭐ Speed: 50K/Day 
⭐ Drop: Non Drop 
⭐ Refill: Lifetime 
⭐ Quality: High Quality 

- Example Link : TikTok Profile link 

👤Requirements:
 account must have 5-6 videos for random view distribution.


⚠️Note:
- The start time and speed may change at any time due to high demand of the service.
- In case of any problems with the service, please contact support.

Warning ⚠️ 
- If you Private or delete Your Videos During Order Then You Will Be Responsible No Refund

Montizetion Accept Suggestion: 

\""Boost your TikTok account\s monetization chances, even with a new or \dead\ account. Our suggested method

- First Order monetization views
-  After Update views in the monetization tab
- Then Buy followers
- Apply for monetization
- Avoid fake likes 

Note: No monetization approval guarantee, it\s Only Suggestion. but we ensure completion of monetization tab criteria.\""

Urdu Translate 👇
⭐ آغاز کا وقت: 0-48 گھنٹے 
 ⭐ رفتار: 50K/دن 
 ⭐ ڈراپ: نان ڈراپ 
 ⭐ دوبارہ بھرنا: زندگی بھر 
 ⭐ معیار: اعلی معیار 

 - مثال کا لنک: TikTok پروفائل کا لنک 

 👤 تقاضے:
  بے ترتیب منظر کی تقسیم کے لیے اکاؤنٹ میں 5-6 ویڈیوز کا ہونا ضروری ہے۔


 ⚠️نوٹ:
 - سروس کی زیادہ مانگ کی وجہ سے آغاز کا وقت اور رفتار کسی بھی وقت تبدیل ہو سکتی ہے۔
 - سروس کے ساتھ کسی بھی پریشانی کی صورت میں، براہ کرم سپورٹ سے رابطہ کریں۔

 وارننگ ⚠️ 
 - اگر آپ آرڈر کے دوران اپنے ویڈیوز کو پرائیویٹ یا ڈیلیٹ کرتے ہیں تو آپ کو کوئی ریفنڈ نہیں ہوگا۔

 مانٹائزیشن تجویز قبول کریں: 

 \""اپنے TikTok اکاؤنٹ کے منیٹائزیشن کے امکانات کو فروغ دیں، یہاں تک کہ ایک نئے یا \مردہ\ اکاؤنٹ کے ساتھ۔ ہمارا تجویز کردہ طریقہ

 - پہلے آرڈر منیٹائزیشن کے نظارے۔
 - منیٹائزیشن ٹیب میں آراء کو اپ ڈیٹ کرنے کے بعد
 - پھر پیروکار خریدیں۔
 - منیٹائزیشن کے لیے درخواست دیں۔
 - جعلی لائکس سے پرہیز کریں۔ 

 نوٹ: منیٹائزیشن کی منظوری کی کوئی گارنٹی نہیں، یہ صرف تجویز ہے۔  لیکن ہم منیٹائزیشن ٹیب کے معیار کی تکمیل کو یقینی بناتے ہیں۔\""",,278.025,,0.3,,,,per_item,review,0,,2026-07-16
SMS-0092,588,588,📈 TikTok Views ⭐ Monetization,𝗧𝗶𝗸𝗧𝗼𝗸 𝗠𝗼𝗻𝗲𝘁𝗶𝘇𝗮𝘁𝗶𝗼𝗻 𝗩𝗶𝗲𝘄𝘀 🌍 [ 𝗪𝗼𝗿𝗹𝗱𝘄𝗶𝗱𝗲 ] [ Min : 50K ] 🚀 𝗦𝗽𝗲𝗲𝗱: 20K/𝗗𝗮𝘆 🚀🔥 𝗦𝘂𝗽𝗲𝗿 𝗙𝗮𝘀𝘁,52 Hours 18 Minutes,"⭐ Start Time: 12-48 Hours
⭐ Speed: 50K/Day
⭐ Drop: Non Drop
⭐ Refill: Lifetime
⭐ Quality: High Quality

- Example Link : TikTok Profile link

👤Requirements:
account must have 5-6 videos for random view distribution.


⚠️Note:
- The start time and speed may change at any time due to high demand of the service.
- In case of any problems with the service, please contact support.

Warning ⚠️
- If you Private or delete Your Videos During Order Then You Will Be Responsible No Refund",,278.025,,0.3,,,,per_item,review,0,,2026-07-16
SMS-0093,815,815,📈 TikTok Views ⭐ Monetization,𝗧𝗶𝗸𝗧𝗼𝗸 𝗠𝗼𝗻𝗲𝘁𝗶𝘇𝗮𝘁𝗶𝗼𝗻 𝗩𝗶𝗲𝘄𝘀 🌍 [ 𝗪𝗼𝗿𝗹𝗱𝘄𝗶𝗱𝗲 ] [ Min : 25K ] 🚀 𝗦𝗽𝗲𝗲𝗱: 20K/𝗗𝗮𝘆 🚀🔥 𝗦𝘂𝗽𝗲𝗿 𝗙𝗮𝘀𝘁 ⚡️,21 Hours 21 Minutes,"🌟 Elevate Your Social Media Presence with Our Exclusive Growth Service 🌟
𝐀𝐭𝐭𝐚𝐧𝐭𝐢𝐨𝐧 𝐏𝐥𝐞𝐚𝐬𝐞 !

✪ 𝐀𝐟𝐭𝐞𝐫 𝐩𝐥𝐚𝐜𝐞 𝐨𝐝𝐞𝐫𝐬 

» 𝐒𝐞𝐧𝐝 𝐨𝐝𝐞𝐫 𝐢𝐝 𝐨𝐧 𝐰𝐡𝐚𝐭𝐬𝐩𝐩 
» 𝐒𝐡𝐚𝐫𝐞 𝐀𝐧𝐲𝐥𝐚𝐭𝐢𝐜𝐬 𝐒𝐜𝐫𝐞𝐞𝐧 𝐬𝐡𝐨𝐭 
» 𝐒𝐭𝐚𝐫𝐭 𝐓𝐢𝐦𝐞 : 0 𝐓𝐨 24 𝐇𝐨𝐮𝐫𝐬 
» 𝐂𝐨𝐦𝐩𝐥𝐞𝐭𝐞 𝐓𝐢𝐦𝐞 :  2 𝐭𝐨 3𝐃𝐚𝐲𝐬
Requirement:
💼 Account must have 5-6 videos for random view distribution.

🔄 Guarantee: Guaranteed Delivery
🔄 Refill: Lifetime

🌐 Target Audience: Global Users 🌍

✨ Our Commitment to Quality:

✔ Real and authentic views 📈
✔ Dedicated to delivering top-tier services ⭐

✨ Additional Information:

🚀 Always Operational 🕒

🔗 Link: [Insert Your Profile Link]",,278.025,,0.3,,,,per_item,review,0,,2026-07-16
SMS-0094,589,589,📈 TikTok Views ⭐ Monetization,𝗧𝗶𝗸𝗧𝗼𝗸 𝗠𝗼𝗻𝗲𝘁𝗶𝘇𝗮𝘁𝗶𝗼𝗻 𝗩𝗶𝗲𝘄𝘀 🌍 [ 𝗪𝗼𝗿𝗹𝗱𝘄𝗶𝗱𝗲 ] [ Min : 10K ] 🚀 𝗦𝗽𝗲𝗲𝗱: 20K/𝗗𝗮𝘆 🚀🔥 𝗦𝘂𝗽𝗲𝗿 𝗙𝗮𝘀𝘁 ⚡️,16 Hours 54 Minutes,"⭐ Start Time: 0-48 Hours
⭐ Speed: 50K-100k/Day
⭐ Drop: Non Drop
⭐ Refill: Lifetime
⭐ Quality: High Quality

- Example Link : TikTok Profile link

👤Requirements:
account must have 5-6 videos for random view distribution.


⚠️Note:
- The start time and speed may change at any time due to high demand of the service.
- In case of any problems with the service, please contact support.

Warning ⚠️
- If you Private or delete Your Videos During Order Then You Will Be Responsible No Refund",,278.025,,0.3,,,,per_item,review,0,,2026-07-16
SMS-0095,1201,1201,💎 TikTok Views ⭐ Premium Quality,TikTok Views | ALWAYS STABLE 🔒 | Non-Drop 🔐 | Max: Unlimited | Speed: 10M/Day | Refill: No | 𝗨𝗹𝘁𝗿𝗮𝗙𝗮𝘀𝘁 🔥,10 Minutes,No Drop Since 30 Days,,278.025,,0.3,,,,per_1000,review,0,,2026-07-16
SMS-0096,1202,1202,💎 TikTok Views ⭐ Premium Quality,TikTok Views | ALWAYS STABLE 🔒 | Non-Drop 🔐 | Max: Unlimited | Speed: 10M/Day | Refill: 30 Days ♻️,15 Minutes,No Drop Since 30 Days,,278.025,,0.3,,,,per_1000,review,0,,2026-07-16
SMS-0097,1203,1203,💎 TikTok Views ⭐ Premium Quality,TikTok Video Views [ Max Unlimited ] | Non Drop | Cancel Enable | Refill: Lifetime  ♻️ | Speed: Day 10M 🚀,16 Minutes,No Drop Since 30 Days,,278.025,,0.3,,,,per_1000,review,0,,2026-07-16
SMS-0098,1218,1218,💯 TikTok Views ⭐ Non-Drop,TikTok Video Views [ Max Unlimited ] | Day 50M | 𝐔𝐋𝐓𝐑𝐀 𝐅𝐀𝐒𝐓 𝗖𝗼𝗺𝗽𝗹𝗲𝘁𝗲𝗱 🔥 | 𝗡𝗼𝗻-𝗗𝗿𝗼𝗽 𝐁𝐞𝐬𝐭 ᴺᴱᵂ,13 Minutes,,,278.025,,0.3,,,,per_1000,review,0,,2026-07-16
SMS-0099,1219,1219,💯 TikTok Views ⭐ Non-Drop,TikTok Video Views [ Max Unlimited ] | Day 100M | 𝐔𝐋𝐓𝐑𝐀 𝐅𝐀𝐒𝐓 𝗖𝗼𝗺𝗽𝗹𝗲𝘁𝗲𝗱 🔥 | 𝗡𝗼𝗻-𝗗𝗿𝗼𝗽 𝐁𝐞𝐬𝐭 ᴺᴱᵂ,6 Hours 18 Minutes,,,278.025,,0.3,,,,per_1000,review,0,,2026-07-16
SMS-0100,1220,1220,💯 TikTok Views ⭐ Non-Drop,TikTok Video Views [ Max Unlimited ] | Day 200M | 𝐔𝐋𝐓𝐑𝐀 𝐅𝐀𝐒𝐓 𝗖𝗼𝗺𝗽𝗹𝗲𝘁𝗲𝗱 🔥 | 𝗡𝗼𝗻-𝗗𝗿𝗼𝗽 𝐁𝐞𝐬𝐭 ᴺᴱᵂ,11 Minutes,,,278.025,,0.3,,,,per_1000,review,0,,2026-07-16
SMS-0101,1340,1340,🚀 TikTok Views ⭐ Best Speed,TikTok Video Views [ Max Unlimited ] | HQ | Cancel Enable | No Refill ⚠️ | Instant Start | Day 100M 🚀🚀,1 Minute,,,278.025,,0.3,,,,per_1000,review,0,,2026-07-16
SMS-0102,77,77,🎥 TikTok Shares ⭐ Premium + Favorites,TikTok Video Saves 📌 | No Drop 🚫 | Lifetime Refill ♻️ | Start in 0–1 Hour ⏱️ | Speed: 50K/Day ⚡,4 Minutes,,,278.025,,0.3,,,,per_1000,review,0,,2026-07-16
SMS-0103,76,76,🎥 TikTok Shares ⭐ Premium + Favorites,TikTok Video Saves 📌 | No Drop 🚫 | Lifetime Refill ♻️ | Start in 0–1 Hour ⏱️ | Speed: 100K/Day ⚡,10 Minutes,,,278.025,,0.3,,,,per_1000,review,0,,2026-07-16
SMS-0104,74,74,🎥 TikTok Shares ⭐ Premium + Favorites,TikTok Video Shares 🔄 | Lifetime Refill ♻️ | No Drop 🚫 | Start in 0–1 Hour ⏱️ | Speed: 1M/Day ⚡,16 Minutes,,,278.025,,0.3,,,,per_1000,review,0,,2026-07-16
SMS-0105,75,75,🎥 TikTok Shares ⭐ Premium + Favorites,TikTok Video Shares 🔄 | Lifetime Refill ♻️ | No Drop 🚫 | Start in 0–1 Hour ⏱️ | Speed: 100k/Day ⚡,17 Hours 3 Minutes,,,278.025,,0.3,,,,per_1000,review,0,,2026-07-16
SMS-0106,78,78,🎥 TikTok Shares ⭐ Premium + Favorites,TikTok Video Shares 🔄 | Lifetime Refill ♻️ | No Drop 🚫 | Start in 0–1 Hour ⏱️ | Speed: 500k/Day ⚡,44 Hours 4 Minutes,,,278.025,,0.3,,,,per_1000,review,0,,2026-07-16
SMS-0107,108,108,🇵🇰 TikTok Comments ⭐ Pakistani,🇵🇰 Pakistani TikTok [𝐂𝐮𝐬𝐭𝐨𝐦 𝐂𝐨𝐦𝐦𝐞𝐧𝐭𝐬] [100% 𝐑𝐞𝐚𝐥 𝐓𝐫𝐚𝐟𝐟𝐢𝐜] [Refill: LifeTime ] [Speed: 5k/Day] [Start Time: 1 Hour],2 Hours 16 Minutes,"Write a comment above each line and write all the comments differently. Do not write a comment twice. If you write a comment twice or more, your order will not start. Also, if you leave any line blank service will not work but if you write a comment above each line and write all the comments differently then your order will start within a minute and you will get very fast speed.

ہر لائن کے اوپر ایک کمنٹ لکھیں اور تمام کمنٹس مختلف لکھیں ایک کمنٹ کو دو بار نہیں لکھنا ، اگر اپ ایک کمنٹ دو بار یا اس سے زیادہ مرتبہ لکھیں گے تو اپ کا ارڈر سٹارٹ نہیں ہوگا ، اس کے علاوہ اگر اپ کوئی لائن خالی چھوڑ دیتے ہیں تو پھر بھی سروس کام نہیں کرے گی لیکن اگر اپ ہر لائن کے اوپر ایک کمنٹ لکھتے ہیں اور تمام کمنٹ مختلف لکھتے ہیں تو پھر اپ کا ارڈر ایک منٹ کے اندر سٹارٹ ہوگا اور اپ کو بہت تیز رفتار سپیڈ ملے گی",,278.025,,0.3,,,,per_1000,review,0,,2026-07-16
SMS-0108,109,109,🇵🇰 TikTok Comments ⭐ Pakistani,🇵🇰 Pakistani TikTok Custom Comments  [100% 𝐑𝐞𝐚𝐥 𝐓𝐫𝐚𝐟𝐟𝐢𝐜] [Refill: LifeTime ] [Speed: 2k/Day] [Start Time: 1 Hour],1 Hour 4 Minutes,"Write a comment above each line and write all the comments differently. Do not write a comment twice. If you write a comment twice or more, your order will not start. Also, if you leave any line blank service will not work but if you write a comment above each line and write all the comments differently then your order will start within a minute and you will get very fast speed.

ہر لائن کے اوپر ایک کمنٹ لکھیں اور تمام کمنٹس مختلف لکھیں ایک کمنٹ کو دو بار نہیں لکھنا ، اگر اپ ایک کمنٹ دو بار یا اس سے زیادہ مرتبہ لکھیں گے تو اپ کا ارڈر سٹارٹ نہیں ہوگا ، اس کے علاوہ اگر اپ کوئی لائن خالی چھوڑ دیتے ہیں تو پھر بھی سروس کام نہیں کرے گی لیکن اگر اپ ہر لائن کے اوپر ایک کمنٹ لکھتے ہیں اور تمام کمنٹ مختلف لکھتے ہیں تو پھر اپ کا ارڈر ایک منٹ کے اندر سٹارٹ ہوگا اور اپ کو بہت تیز رفتار سپیڈ ملے گی",,278.025,,0.3,,,,per_1000,review,0,,2026-07-16
SMS-0109,107,107,🇵🇰 TikTok Comments ⭐ Pakistani,🇵🇰 Pakistani TikTok Custom Comments  [100% 𝐑𝐞𝐚𝐥 𝐓𝐫𝐚𝐟𝐟𝐢𝐜] [Refill: LifeTime ] [Speed: 10k/Day] [Start Time: 1 Hour],2 Hours 25 Minutes,"Write a comment above each line and write all the comments differently. Do not write a comment twice. If you write a comment twice or more, your order will not start. Also, if you leave any line blank service will not work but if you write a comment above each line and write all the comments differently then your order will start within a minute and you will get very fast speed.

ہر لائن کے اوپر ایک کمنٹ لکھیں اور تمام کمنٹس مختلف لکھیں ایک کمنٹ کو دو بار نہیں لکھنا ، اگر اپ ایک کمنٹ دو بار یا اس سے زیادہ مرتبہ لکھیں گے تو اپ کا ارڈر سٹارٹ نہیں ہوگا ، اس کے علاوہ اگر اپ کوئی لائن خالی چھوڑ دیتے ہیں تو پھر بھی سروس کام نہیں کرے گی لیکن اگر اپ ہر لائن کے اوپر ایک کمنٹ لکھتے ہیں اور تمام کمنٹ مختلف لکھتے ہیں تو پھر اپ کا ارڈر ایک منٹ کے اندر سٹارٹ ہوگا اور اپ کو بہت تیز رفتار سپیڈ ملے گی",,278.025,,0.3,,,,per_1000,review,0,,2026-07-16
SMS-0110,110,110,🇵🇰 TikTok Comments ⭐ Pakistani,🇵🇰 Pakistani TikTok Custom Comments  [100% 𝐑𝐞𝐚𝐥 𝐓𝐫𝐚𝐟𝐟𝐢𝐜] [Refill: LifeTime ] [Speed: 5k/Day] [Start Time: 1 Hour],4 Hours 15 Minutes,,,278.025,,0.3,,,,per_1000,review,0,,2026-07-16
SMS-0111,1293,1293,👑 TikTok Comments ⭐ HQ Profiles,TikTok Comments [3 Comments] [Post Related] [Emojis &amp; Text] [100% Real Humans] [Top Accounts],45 Minutes,,,278.025,,0.3,,,,per_item,review,0,,2026-07-16
SMS-0112,1294,1294,👑 TikTok Comments ⭐ HQ Profiles,TikTok Comments From Quality Accounts [100% Non Drop] [Accounts with Profile Pic + Videos] [Lifetime Guranteed] [Fast Speed :500/D] [Start : 0 - 1min],44 Hours 49 Minutes,,,278.025,,0.3,,,,per_item,review,0,,2026-07-16
SMS-0113,1295,1295,👑 TikTok Comments ⭐ HQ Profiles,TikTok Custom Comments [Speed : 1k/Day] [Guarantee : Lifetime] [Non Drop] [Start Time : 0-10Min],1 Hour 29 Minutes,,,278.025,,0.3,,,,per_1000,review,0,,2026-07-16
SMS-0114,1296,1296,👑 TikTok Comments ⭐ HQ Profiles,Tiktok Video Comments [100% Real Users] [Speed : 1k/D] [Lifetime Guranteed] [Start : 0 - 1 min],38 Hours 41 Minutes,,,278.025,,0.3,,,,per_1000,review,0,,2026-07-16
SMS-0115,1300,1300,✍️ TikTok Comments ⭐  Random Positive Word + Emoji,TikTok Random Emoji Comments | 6 Comments | High Quality With Post | No Refill | Start Time 0-1 Hours,New Service,,,278.025,,0.3,,,,per_1000,review,0,,2026-07-16
SMS-0116,1301,1301,✍️ TikTok Comments ⭐  Random Positive Word + Emoji,TikTok Random Emoji Comments | 12 Comments | High Quality With Post | No Refill | Start Time 0-1 Hours,New Service,,,278.025,,0.3,,,,per_1000,review,0,,2026-07-16
SMS-0117,1302,1302,✍️ TikTok Comments ⭐  Random Positive Word + Emoji,TikTok Random Emoji Comments | 25 Comments | High Quality With Post | No Refill | Start Time 0-1 Hours,New Service,,,278.025,,0.3,,,,per_1000,review,0,,2026-07-16
SMS-0118,1310,1310,🇵🇰 TikTok Comments ⭐ Premium Urdu 🇵🇰 Pakistani | 𝐇𝐢𝐠𝐡 𝐐𝐮𝐚𝐥𝐢𝐭𝐲,ᴺᴱᵂ TikTok 100% Pakistani 🇵🇰 Comments | Non Drop | High Quality  | Slow Speed 100+/Day | No Refill | Start Time 0-1 Hours,1 Hour 9 Minutes,"❌ No Long Comments / Paragraph 
❌ No emojis
❌ No Duplicate or Spam Comments
❌ No Bad Language
❌ No Bet Type A & B
✅ Only Decent Text Comments

❌⚠️
آرڈر دیتے وقت کمنٹس میں ایموجی کا استعمال نہ کریں۔ دوسری صورت میں آپ   کے آرڈر کی رفتار سست ہوسکتی ہے یا آپ کا آرڈر مکمل طور پر پھنس سکتا ہے۔
❌⚠️
آرڈر کے لیے ایک لائن میں 1 کمنٹس لکھیں۔ 1 کمنٹس لکھنے کے بعد دوسرے کمنٹس کے لیے اپنے موبائل کی بورڈ میں انٹر دبائیں تو نئی لائن شروع ہو جائے گی۔ نئی لائن میں دوسرا کمنٹس لکھیں۔
❌ ⚠️
اس عمل کو بار بار دہراتے ہوئے اپنے تمام کمنٹس لکھیں۔ 
❌⚠️
کسی بھی لائن کو خالی نہ چھوڑیں انتباہ اگر آپ کمنٹس لکھنے کے دوران کوئی لائن خالی چھوڑ دیتے ہیں تو آرڈر پھنس سکتا ہے۔

Warning❌⚠️ :  Don\t Use Emoji in Comments when placing order. other wise your order\s speed can slow or your order can stuck fully

Warning ❌⚠️ :For Order write 1 comments in one line. After written 1 comments For 2nd comments press enter in your mobile keyboard then new line will start . Also write 2nd Comments in new line. wtire your all comments with repeating this process again and again. Dont leave any line empty Warning if u leave any line empty during writting comments order can stuck",,278.025,,0.3,,,,per_1000,review,0,,2026-07-16
SMS-0119,1311,1311,🇵🇰 TikTok Comments ⭐ Premium Urdu 🇵🇰 Pakistani | 𝐇𝐢𝐠𝐡 𝐐𝐮𝐚𝐥𝐢𝐭𝐲,ᴺᴱᵂ TikTok 100% Pakistani 🇵🇰 Comments | High Quality + Uploaded Videos | 🚀🚀Fast Speed 10K/Day | No Refill | Start Time 0-1 Hours,8 Hours 11 Minutes,"❌ No Long Comments / Paragraph 
❌ No emojis
❌ No duplicate or spam comments
❌ No bad language
❌ No Bet Type A & B
✅ Only decent text comments

❌⚠️
آرڈر دیتے وقت کمنٹس میں ایموجی کا استعمال نہ کریں۔ دوسری صورت میں آپ   کے آرڈر کی رفتار سست ہوسکتی ہے یا آپ کا آرڈر مکمل طور پر پھنس سکتا ہے۔
❌⚠️
آرڈر کے لیے ایک لائن میں 1 کمنٹس لکھیں۔ 1 کمنٹس لکھنے کے بعد دوسرے کمنٹس کے لیے اپنے موبائل کی بورڈ میں انٹر دبائیں تو نئی لائن شروع ہو جائے گی۔ نئی لائن میں دوسرا کمنٹس لکھیں۔
❌ ⚠️
اس عمل کو بار بار دہراتے ہوئے اپنے تمام کمنٹس لکھیں۔ 
❌⚠️
کسی بھی لائن کو خالی نہ چھوڑیں انتباہ اگر آپ کمنٹس لکھنے کے دوران کوئی لائن خالی چھوڑ دیتے ہیں تو آرڈر پھنس سکتا ہے۔

Warning❌⚠️ :  Don\t Use Emoji in Comments when placing order. other wise your order\s speed can slow or your order can stuck fully

Warning ❌⚠️ :For Order write 1 comments in one line. After written 1 comments For 2nd comments press enter in your mobile keyboard then new line will start . Also write 2nd Comments in new line. wtire your all comments with repeating this process again and again. Dont leave any line empty Warning if u leave any line empty during writting comments order can stuck",,278.025,,0.3,,,,per_1000,review,0,,2026-07-16
SMS-0120,1313,1313,🇵🇰 TikTok Comments ⭐ Premium Urdu 🇵🇰 Pakistani | 𝐇𝐢𝐠𝐡 𝐐𝐮𝐚𝐥𝐢𝐭𝐲,ᴺᴱᵂ TikTok 100% Pakistani 🇵🇰 Female Accounts  𝟱𝟬 𝗖𝗼𝗺𝗺𝗲𝗻𝘁𝘀 𝗣𝗮𝗰𝗸𝗮𝗴𝗲 | High Quality + Uploaded Videos | Speed 1000/Day | Start Time 0-1 Hours,New Service,"❌ No Emojis
❌ No Duplicate/Same or Spam Comments
❌ No Bad Language
❌ No Bet Type A & B
✅ Only Decent Text Comments

❌⚠️
آرڈر دیتے وقت کمنٹس میں ایموجی کا استعمال نہ کریں۔ دوسری صورت میں آپ   کے آرڈر کی رفتار سست ہوسکتی ہے یا آپ کا آرڈر مکمل طور پر پھنس سکتا ہے۔
❌⚠️
آرڈر کے لیے ایک لائن میں 1 کمنٹس لکھیں۔ 1 کمنٹس لکھنے کے بعد دوسرے کمنٹس کے لیے اپنے موبائل کی بورڈ میں انٹر دبائیں تو نئی لائن شروع ہو جائے گی۔ نئی لائن میں دوسرا کمنٹس لکھیں۔
❌ ⚠️
اس عمل کو بار بار دہراتے ہوئے اپنے تمام کمنٹس لکھیں۔ 
❌⚠️
کسی بھی لائن کو خالی نہ چھوڑیں انتباہ اگر آپ کمنٹس لکھنے کے دوران کوئی لائن خالی چھوڑ دیتے ہیں تو آرڈر پھنس سکتا ہے۔

Warning❌⚠️ :  Don\t Use Emoji in Comments when placing order. other wise your order\s speed can slow or your order can stuck fully

Warning ❌⚠️ :For Order write 1 comments in one line. After written 1 comments For 2nd comments press enter in your mobile keyboard then new line will start . Also write 2nd Comments in new line. wtire your all comments with repeating this process again and again. Dont leave any line empty Warning if u leave any line empty during writting comments order can stuck",,278.025,,0.3,,,,per_item,review,0,,2026-07-16
SMS-0121,1314,1314,🇵🇰 TikTok Comments ⭐ Premium Urdu 🇵🇰 Pakistani | 𝐇𝐢𝐠𝐡 𝐐𝐮𝐚𝐥𝐢𝐭𝐲,ᴺᴱᵂ TikTok 100% Pakistani 🇵🇰 Female Accounts  𝟭𝟬𝟬 𝗖𝗼𝗺𝗺𝗲𝗻𝘁𝘀 𝗣𝗮𝗰𝗸𝗮𝗴𝗲 | High Quality + Uploaded Videos | Speed 1000/Day | Start Time 0-1 Hours,New Service,"❌ No Emojis
❌ No Duplicate/Same or Spam Comments
❌ No Bad Language
❌ No Bet Type A & B
✅ Only Decent Text Comments

❌⚠️
آرڈر دیتے وقت کمنٹس میں ایموجی کا استعمال نہ کریں۔ دوسری صورت میں آپ   کے آرڈر کی رفتار سست ہوسکتی ہے یا آپ کا آرڈر مکمل طور پر پھنس سکتا ہے۔
❌⚠️
آرڈر کے لیے ایک لائن میں 1 کمنٹس لکھیں۔ 1 کمنٹس لکھنے کے بعد دوسرے کمنٹس کے لیے اپنے موبائل کی بورڈ میں انٹر دبائیں تو نئی لائن شروع ہو جائے گی۔ نئی لائن میں دوسرا کمنٹس لکھیں۔
❌ ⚠️
اس عمل کو بار بار دہراتے ہوئے اپنے تمام کمنٹس لکھیں۔ 
❌⚠️
کسی بھی لائن کو خالی نہ چھوڑیں انتباہ اگر آپ کمنٹس لکھنے کے دوران کوئی لائن خالی چھوڑ دیتے ہیں تو آرڈر پھنس سکتا ہے۔

Warning❌⚠️ :  Don\t Use Emoji in Comments when placing order. other wise your order\s speed can slow or your order can stuck fully

Warning ❌⚠️ :For Order write 1 comments in one line. After written 1 comments For 2nd comments press enter in your mobile keyboard then new line will start . Also write 2nd Comments in new line. wtire your all comments with repeating this process again and again. Dont leave any line empty Warning if u leave any line empty during writting comments order can stuck",,278.025,,0.3,,,,per_item,review,0,,2026-07-16
SMS-0122,1315,1315,🇵🇰 TikTok Comments ⭐ Premium Urdu 🇵🇰 Pakistani | 𝐇𝐢𝐠𝐡 𝐐𝐮𝐚𝐥𝐢𝐭𝐲,ᴺᴱᵂ TikTok 100% Pakistani 🇵🇰 Female Accounts  𝟮𝟬𝟬 𝗖𝗼𝗺𝗺𝗲𝗻𝘁𝘀 𝗣𝗮𝗰𝗸𝗮𝗴𝗲 | High Quality + Uploaded Videos | Speed 1000/Day | Start Time 0-1 Hours,New Service,,,278.025,,0.3,,,,per_item,review,0,,2026-07-16
SMS-0123,201,201,💸 TikTok Battle ⭐ Cheapest,TikTok PK BATTLE POİNTS | Non-Drop | Instant Start | 300M/Day,49 Minutes,,,278.025,,0.3,,,,per_1000,review,0,,2026-07-16
SMS-0124,202,202,💸 TikTok Battle ⭐ Cheapest,Tiktok PK Battle Points [ Max 500M ] | Non Drop | Instant Start ⚡,0 Minutes,,,278.025,,0.3,,,,per_1000,review,0,,2026-07-16
SMS-0125,206,206,⚔️ TikTok Battle ⭐ Premium,TikTok PK Baattle Point | Max Unlimited | Non Drop | Instant Start | 500k/Day | 𝙁𝘼𝙎𝙏 𝘾𝙊𝙈𝙋𝙇𝙀𝙏𝙀,0 Minutes,,,278.025,,0.3,,,,per_1000,review,0,,2026-07-16
SMS-0126,203,203,⚔️ TikTok Battle ⭐ Premium,TikTok PK BATTLE POİNTS | Non-Drop | Instant Start | 300M/Day 🔥🔥 𝙁𝘼𝙎𝙏 𝘾𝙊𝙈𝙋𝙇𝙀𝙏𝙀𝘿,0 Minutes,,,278.025,,0.3,,,,per_1000,review,0,,2026-07-16
SMS-0127,205,205,⚔️ TikTok Battle ⭐ Premium,TikTok PK BATTLE POİNTS | Non-Drop | Instant Start | 300M/Day | 𝙁𝘼𝙎𝙏 𝘾𝙊𝙈𝙋𝙇𝙀𝙏𝙀𝘿,0 Minutes,,,278.025,,0.3,,,,per_1000,review,0,,2026-07-16
SMS-0128,204,204,⚔️ TikTok Battle ⭐ Premium,Tiktok PK BATTLE POİNTS ⚡⚡  𝙁𝘼𝙎𝙏 𝘾𝙊𝙈𝙋𝙇𝙀𝙏𝙀𝘿,0 Minutes,,,278.025,,0.3,,,,per_1000,review,0,,2026-07-16
SMS-0129,1324,1324,❤️ TikTok Live ⭐ Live Likes,Tiktok Live Stream Likes [ Max Unlimited ] | Instant Start | Day 500K 🚀,0 Minutes,,,278.025,,0.3,,,,per_1000,review,0,,2026-07-16
SMS-0130,1325,1325,❤️ TikTok Live ⭐ Live Likes,Tiktok Live Stream Likes [ Max Unlimited ] | Instant Start | Day 1M 🚀,0 Minutes,,,278.025,,0.3,,,,per_1000,review,0,,2026-07-16
SMS-0131,1326,1326,❤️ TikTok Live ⭐ Live Likes,Tiktok Live Stream Likes [ Max 100M ] | HQ Accounts | Cancel Enable | Start: 0-5 Minutes | Day 500K 🚀,168 Hours 1 Minute,,,278.025,,0.3,,,,per_item,review,0,,2026-07-16
SMS-0132,1327,1327,🎮 TikTok Live ⭐ Stream Views,TikTok Live Stream Views [ Max 100K ] | 100% Concurrent | 15 Minutes [ Stable ] ✨,25 Minutes,,,278.025,,0.3,,,,per_1000,review,0,,2026-07-16
SMS-0133,1328,1328,🎮 TikTok Live ⭐ Stream Views,TikTok Live Stream Views [ Max 100K ] | 100% Concurrent | 30 Minutes [ Stable ] ✨,33 Minutes,,,278.025,,0.3,,,,per_1000,review,0,,2026-07-16
SMS-0134,1329,1329,🎮 TikTok Live ⭐ Stream Views,TikTok Live Stream Views [ Max 100K ] | 100% Concurrent | 45 Minutes [ Stable ] ✨,New Service,,,278.025,,0.3,,,,per_1000,review,0,,2026-07-16
SMS-0135,1330,1330,🎮 TikTok Live ⭐ Stream Views,TikTok Live Stream Views [ Max 100K ] | 100% Concurrent | 60 Minutes [ Stable ] ✨,1 Hour 2 Minutes,,,278.025,,0.3,,,,per_1000,review,0,,2026-07-16
SMS-0136,1331,1331,🎮 TikTok Live ⭐ Stream Views,TikTok Live Stream Views [ Max 100K ] | 100% Concurrent | 90 Minutes [ Stable ]  ✨,1 Hour 34 Minutes,,,278.025,,0.3,,,,per_1000,review,0,,2026-07-16
SMS-0137,1332,1332,🎮 TikTok Live ⭐ Stream Views,TikTok Live Stream Views [ Max 100K ] | 100% Concurrent | 120 Minutes [ Stable ] ✨,New Service,,,278.025,,0.3,,,,per_1000,review,0,,2026-07-16
SMS-0138,1239,1239,WhatsApp Meta Verified Service  (Anti-Ban + Verified Setup),Connect your WhatsApp number directly with Meta’s secure system for maximum safety & stability 🔐 Your business uses a secure service from Meta,0 Minutes,"👉
Connect your WhatsApp number directly with Meta’s secure system for maximum safety & stability 🔐

✔️ Meta secure connection setup (official method)
✔️ Ban risk bohat had tak kam
✔️ Bulk messaging ke liye optimized setup
✔️ WhatsApp Business/API compatible
✔️ High delivery rate & improved trust

💬 Is service ke through aapka number Meta system ke sath connect kiya jata hai jisse spam detection kam hoti hai aur stability increase hoti hai.

🎯 Features:
✅ Anti-ban optimized setup
✅ Secure Meta connection
✅ Fast activation
✅ Long-term stability
✅ Support available anytime
⚠️ Note:

👉 Spam ya illegal use avoid karein — safe usage se hi best results milte hain.",,278.025,,0.3,,,,per_1000,review,0,,2026-07-16
SMS-0139,1137,1137,❤️pakistan panels Special Offers❤️,𝐈𝐧𝐬𝐭𝐚𝐠𝐫𝐚𝐦 𝐥𝐢𝐤𝐞𝐬 𝐑𝐞𝐚𝐥 𝐀𝐜𝐜𝐨𝐮𝐧𝐭𝐬 ( 𝐍𝐨𝐧 -𝐃𝐫𝐨𝐩 ) 50𝐊/𝐃𝐚𝐲 | 𝐋𝐢𝐟𝐞𝐭𝐢𝐦𝐞 𝐑𝐞𝐟𝐢𝐥𝐥  ( 𝐖𝐨𝐫𝐥𝐝 𝐂𝐡𝐞𝐚𝐩𝐞𝐬𝐭 ),1 Hour 20 Minutes,"Start : Instant To 15 Mins 

Speed : 20K-50K/Day 

Drop : No 

Refill : Lifetime 𝐑𝐄𝐅𝐈𝐋𝐋 ♻️",,278.025,,0.3,,,,per_item,review,0,,2026-07-16
SMS-0140,1129,1129,❤️pakistan panels Special Offers❤️,| Instagram Likes | Old Real | Non-Drop | 200K/Day | Instant 🚀 | Lifetime Refill ♻️ ❤️,47 Minutes,"Start : Instant 

Speed : 100K/Day 

Drop : No 

Refill : 365 Days 𝐑𝐄𝐅𝐈𝐋𝐋 ♻️",,278.025,,0.3,,,,per_1000,review,0,,2026-07-16
SMS-0141,1127,1127,❤️pakistan panels Special Offers❤️,| Instagram Followers | Max 10K | HQ Accounts | 10K/Day | Instant Start |❤️,2 Hours 36 Minutes,"⚠️ Important: Yeh No Refill / No Guarantee Service hai. Agar order drop, delay ya cancel ho jaye to us par refill ya refund available nahi hoga. Provider side issues par hum responsible nahi honge.",,278.025,,0.3,,,,per_item,review,0,,2026-07-16
SMS-0142,1175,1175,❤️pakistan panels Special Offers❤️,𝐈𝐧𝐬𝐭𝐚𝐠𝐫𝐚𝐦 𝐅𝐨𝐥𝐥𝐨𝐰𝐞𝐫𝐬 100% 𝐑𝐞𝐚𝐥 𝐀𝐩𝐩  𝐃𝐚𝐭𝐚 ( 𝐋𝐨𝐰 𝐃𝐫𝐨𝐩 ) 200𝐊/𝐃𝐚𝐲 | 365 𝐃𝐚𝐲𝐬 𝐑𝐄𝐅𝐈𝐋𝐋 ♻️ ( 𝐈𝐧𝐬𝐭𝐚𝐧𝐭 𝐒𝐭𝐚𝐫𝐭 ),4 Hours 20 Minutes,"Start : Instant 

Speed : 200K/Day

Drop : Low Drop 

Refill : 365 Day\s REFILL ♻️ 

( Big Base Profiles not accepted )",,278.025,,0.3,,,,per_1000,review,0,,2026-07-16
SMS-0143,1152,1152,❤️pakistan panels Special Offers❤️,𝐈𝐧𝐬𝐭𝐚𝐠𝐫𝐚𝐦 𝐅𝐨𝐥𝐥𝐨𝐰𝐞𝐫𝐬 100% 𝐑𝐞𝐚𝐥 𝐀𝐜𝐜𝐨𝐮𝐧𝐭𝐬  ( 𝐌𝐚𝐱 1𝐌 ) 250𝐊/𝐃𝐚𝐲 | 365 𝐃𝐚𝐲𝐬 𝐑𝐄𝐅𝐈𝐋𝐋 ♻️ ( 𝐁𝐢𝐠 𝐏𝐫𝐨𝐟𝐢𝐥𝐞𝐬 𝐀𝐜𝐜𝐞𝐩𝐭𝐞𝐝 ) + 20% 𝐎𝐯𝐞𝐫𝐟𝐥𝐨𝐰,15 Minutes,,,278.025,,0.3,,,,per_item,review,0,,2026-07-16
SMS-0144,1134,1134,❤️pakistan panels Special Offers❤️,𝐈𝐧𝐬𝐭𝐚𝐠𝐫𝐚𝐦 𝐅𝐨𝐥𝐥𝐨𝐰𝐞𝐫𝐬 𝐑𝐞𝐚𝐥 𝐀𝐜𝐜𝐨𝐮𝐧𝐭𝐬 ( 𝐋𝐞𝐬𝐬 𝐃𝐫𝐨𝐩 0-5 dropping) 100𝐊/𝐃𝐚𝐲 | 365 𝐃𝐚𝐲𝐬 𝐑𝐄𝐅𝐈𝐋𝐋 ♻️,46 Minutes,,,278.025,,0.3,,,,per_item,review,0,,2026-07-16
SMS-0145,1231,1231,📸 Instagram ⭐ All-In-One Premium,𝐈𝐧𝐬𝐭𝐚𝐠𝐫𝐚𝐦 𝐑𝐞𝐞𝐥𝐬 𝐕𝐢𝐞𝐰𝐬 𝐔𝐋𝐓𝐑𝐀 𝐂𝐇𝐄𝐀𝐏 ( 𝐍𝐨𝐧 -𝐃𝐫𝐨𝐩 ) 250𝐊/𝐃𝐚𝐲 |𝐈𝐧𝐬𝐭𝐚𝐧𝐭 𝐒𝐭𝐚𝐫𝐭,24 Minutes,"Start : Instant 

Speed : 250K/Day 

Drop : No Drop 

Refill : No Refill ⚠️",,278.025,,0.3,,,,per_1000,review,0,,2026-07-16
SMS-0146,1226,1226,📸 Instagram ⭐ All-In-One Premium,𝐈𝐧𝐬𝐭𝐚𝐠𝐫𝐚𝐦 𝐥𝐢𝐤𝐞𝐬 100% 𝐑𝐞𝐚𝐥 𝐀𝐜𝐜𝐨𝐮𝐧𝐭𝐬 ( 𝐍𝐨𝐧 -𝐃𝐫𝐨𝐩 ) 100𝐊/𝐃𝐚𝐲 | 365 𝐃𝐚𝐲\\𝐬 𝐑𝐄𝐅𝐈𝐋𝐋 ♻️,18 Minutes,"Start : Instant 

Speed : 100K/Day

Drop : No Drop 

Refill :  365 Days 𝐑𝐄𝐅𝐈𝐋𝐋 ♻️",,278.025,,0.3,,,,per_item,review,0,,2026-07-16
SMS-0147,1227,1227,📸 Instagram ⭐ All-In-One Premium,𝐈𝐧𝐬𝐭𝐚𝐠𝐫𝐚𝐦 𝐋𝐢𝐤𝐞𝐬 100% 𝐎𝐥𝐝 𝐀𝐜𝐜𝐨𝐮𝐧𝐭𝐬 𝐖𝐢𝐭𝐡 𝐏𝐨𝐬𝐭 ( 𝐍𝐨𝐧 -𝐃𝐫𝐨𝐩 ) 500𝐊/𝐃𝐚𝐲 | 𝐋𝐢𝐟𝐞𝐭𝐢𝐦𝐞 𝐑𝐞𝐟𝐢𝐥𝐥 ♻️ | 𝐎𝐧𝐞 𝐂𝐥𝐢𝐜𝐤 𝐃𝐨𝐧𝐞 ✅,24 Minutes,"Start : Instant 

Speed : 500K/Day  

Quality : 100% Real Accounts 

Refill : Lifetime Refill ♻️",,278.025,,0.3,,,,per_item,review,0,,2026-07-16
SMS-0148,1230,1230,📸 Instagram ⭐ All-In-One Premium,𝐈𝐧𝐬𝐭𝐚𝐠𝐫𝐚𝐦 𝐋𝐢𝐤𝐞𝐬 100% 𝐎𝐥𝐝 𝐀𝐜𝐜𝐨𝐮𝐧𝐭 𝐖𝐢𝐭𝐡 𝐩𝐨𝐬𝐭 ( 𝐍𝐨𝐧 -𝐃𝐫𝐨𝐩 ) 150𝐊/𝐃𝐚𝐲 | 𝐋𝐢𝐟𝐞𝐭𝐢𝐦𝐞 𝐑𝐞𝐟𝐢𝐥𝐥 ♻️ | 𝐈𝐧𝐬𝐭𝐚𝐧𝐭 𝐒𝐭𝐚𝐫𝐭,12 Minutes,"Start : Instant 

Speed : 150K/Day

Drop : No Drop 

Refill :  Lifetime 𝐑𝐄𝐅𝐈𝐋𝐋 ♻️",,278.025,,0.3,,,,per_item,review,0,,2026-07-16
SMS-0149,1232,1232,📸 Instagram ⭐ All-In-One Premium,𝐈𝐧𝐬𝐭𝐚𝐠𝐫𝐚𝐦 𝐋𝐢𝐤𝐞𝐬 100% 𝐎𝐥𝐝 + 𝐈𝐧𝐝𝐢𝐚𝐧 🇮🇳 𝐀𝐜𝐜𝐨𝐮𝐧𝐭𝐬 𝐒𝐭𝐨𝐫𝐲 𝐌𝐢𝐱 [ 𝐌𝐚𝐱 5𝐌 ] 1𝐌/𝐃𝐚𝐲 | 𝐎𝐧𝐞 𝐂𝐥𝐢𝐜𝐤 𝐃𝐨𝐧𝐞 ✅ | 𝐀𝐥𝐰𝐚𝐲𝐬 𝐁𝐮𝐥𝐥𝐞𝐭 𝐒𝐩𝐞𝐞𝐝 𝐃𝐞𝐥𝐢𝐯𝐞𝐫𝐲 ( 𝐍𝐞𝐯𝐞𝐫 𝐒𝐭𝐮𝐜𝐤𝐞𝐝 ) | 𝐋𝐢𝐟𝐞𝐭𝐢𝐦𝐞 𝐑𝐞𝐟𝐢𝐥𝐥 ♻️ |,3 Minutes,,,278.025,,0.3,,,,per_item,review,0,,2026-07-16
SMS-0150,1272,1272,📸 Instagram ⭐ All-In-One Premium,𝐈𝐧𝐬𝐭𝐚𝐠𝐫𝐚𝐦 𝐅𝐨𝐥𝐥𝐨𝐰𝐞𝐫𝐬 𝐑𝐞𝐚𝐥 + 𝐎𝐥𝐝 𝐀𝐜𝐜𝐨𝐮𝐧𝐭𝐬 [ 𝐌𝐚𝐱 100 ] 50𝐊/𝐃𝐚𝐲 | 𝐍𝐨 𝐑𝐞𝐟𝐢𝐥𝐥  ⚠️ 𝐈𝐧𝐬𝐭𝐚𝐧𝐭 𝐒𝐭𝐚𝐫𝐭 🚀🚀 ( 𝐍𝐚𝐭𝐮𝐫𝐚𝐥 𝐒𝐩𝐞𝐞𝐝 ),9 Hours 7 Minutes,,,278.025,,0.3,,,,per_item,review,0,,2026-07-16
SMS-0151,1378,1378,📦 Instagram Emergency Update ⭐ One Click,𝐈𝐧𝐬𝐭𝐚𝐠𝐫𝐚𝐦 𝐑𝐞𝐞𝐥𝐬 𝐕𝐢𝐞𝐰𝐬 ( 𝐍𝐨𝐧 𝐃𝐫𝐨𝐩 ) 500𝐊/ 𝐏𝐞𝐫 𝐇𝐨𝐮𝐫 | 𝐎𝐧𝐞 𝐂𝐥𝐢𝐜𝐤 𝐒𝐭𝐚𝐫𝐭 ⚡⚡⚡⚡ ( 𝐍𝐞𝐯𝐞𝐫 𝐒𝐭𝐮𝐜𝐤𝐞𝐝 ),New Service,Emergency Update,,278.025,,0.3,,,,per_1000,review,0,,2026-07-16
SMS-0152,1381,1381,📦 Instagram Emergency Update ⭐ One Click,𝐈𝐧𝐬𝐭𝐚𝐠𝐫𝐚𝐦 𝐋𝐢𝐤𝐞𝐬 𝐇𝐐 𝐀𝐜𝐜𝐨𝐮𝐧𝐭𝐬 ( 𝐌𝐚𝐱 1𝐌 ) 50𝐊/𝐃𝐚𝐲 | 365 𝐃𝐚𝐲𝐬 𝐑𝐞𝐟𝐢𝐥𝐥 ♻️,1 Hour 19 Minutes,"Start : Instant 

Speed : 50K/Day 

Drop : No 

Refill : 365 Days  Refill ♻️",,278.025,,0.3,,,,per_item,review,0,,2026-07-16
SMS-0153,1380,1380,📦 Instagram Emergency Update ⭐ One Click,𝐈𝐧𝐬𝐭𝐚𝐠𝐫𝐚𝐦 𝐥𝐢𝐤𝐞𝐬 100% 𝐑𝐞𝐚𝐥 𝐀𝐜𝐜𝐨𝐮𝐧𝐭𝐬 ( 𝐀𝐥𝐦𝐨𝐬𝐭 𝐍𝐨𝐧 𝐃𝐫𝐨𝐩 ) 200𝐊/𝐃𝐚𝐲 | 𝐋𝐢𝐟𝐞𝐭𝐢𝐦𝐞 𝐑𝐞𝐟𝐢𝐥𝐥 ♻️ 𝐈𝐧𝐬𝐭𝐚𝐧𝐭 𝐒𝐭𝐚𝐫𝐭 ⚡⚡,New Service,"Start : Instant 

Speed : 200K/Day 

Drop : No 

Refill : Lifetime Refill ♻️",,278.025,,0.3,,,,per_item,review,0,,2026-07-16
SMS-0154,1379,1379,📦 Instagram Emergency Update ⭐ One Click,𝐈𝐧𝐬𝐭𝐚𝐠𝐫𝐚𝐦 𝐥𝐢𝐤𝐞𝐬 100% 𝐑𝐞𝐚𝐥 𝐀𝐜𝐜𝐨𝐮𝐧𝐭𝐬 ( 𝐍𝐨𝐧 𝐃𝐫𝐨𝐩 ) 100𝐊/𝐃𝐚𝐲 | 𝐋𝐢𝐟𝐞𝐭𝐢𝐦𝐞 𝐑𝐞𝐟𝐢𝐥𝐥 ♻️,New Service,"Start : Instant 

Speed : 100K/Day 

Drop : No 

Refill : Lifetime Refill ♻️",,278.025,,0.3,,,,per_item,review,0,,2026-07-16
SMS-0155,1377,1377,📦 Instagram Emergency Update ⭐ One Click,𝐈𝐧𝐬𝐭𝐚𝐠𝐫𝐚𝐦 𝐅𝐨𝐥𝐥𝐨𝐰𝐞𝐫𝐬 100% 𝐎𝐥𝐝 𝐀𝐜𝐜𝐨𝐮𝐧𝐭 𝐖𝐢𝐭𝐡 𝐏𝐨𝐬𝐭 [ 𝐍𝐨𝐧 𝐃𝐫𝐨𝐩 ] 500𝐊/𝐃𝐚𝐲 | 𝐍𝐨 𝐑𝐄𝐅𝐈𝐋𝐋 ⚠️ | 𝐒𝐭𝐚𝐛𝐥𝐞 𝐀𝐟𝐭𝐞𝐫 𝐔𝐩𝐝𝐚𝐭𝐞 ⭐⭐⭐⭐⭐,New Service,,,278.025,,0.3,,,,per_item,review,0,,2026-07-16
SMS-0156,1383,1383,📦 Instagram Emergency Update ⭐ One Click,𝐈𝐧𝐬𝐭𝐚𝐠𝐫𝐚𝐦 𝐟𝐨𝐥𝐥𝐨𝐰𝐞𝐫𝐬 100% 𝐑𝐞𝐚𝐥 𝐀𝐜𝐜𝐨𝐮𝐧𝐭𝐬 𝐰𝐢𝐭𝐡 3-7 𝐏𝐨𝐬𝐭𝐬 [ 𝐍𝐨𝐧 𝐃𝐫𝐨𝐩 ) 𝐔𝐥𝐭𝐫𝐚 𝐅𝐚𝐬𝐭 𝐏𝐫𝐨𝐯𝐢𝐝𝐞𝐫 400𝐊/𝐃𝐚𝐲 |  𝐈𝐧𝐬𝐭𝐚𝐧𝐭 𝐒𝐭𝐚𝐫𝐭| 𝐋𝐢𝐟𝐞𝐭𝐢𝐦𝐞  𝐑𝐞𝐟𝐢𝐥𝐥 | 𝐎𝐧𝐞 𝐂𝐥𝐢𝐜𝐤 𝐃𝐨𝐧𝐞 ✅ 🚀🚀🚀🚀,14 Hours 23 Minutes,,,278.025,,0.3,,,,per_item,review,0,,2026-07-16
SMS-0157,804,804,♻️ Instagram Followers ⭐  Refill,𝐈𝐧𝐬𝐭𝐚𝐠𝐫𝐚𝐦 𝐟𝐨𝐥𝐥𝐨𝐰𝐞𝐫𝐬 𝐎𝐥𝐝 𝐀𝐜𝐜𝐨𝐮𝐧𝐭𝐬 𝐖𝐢𝐭𝐡 𝐏𝐨𝐬𝐭\\𝐬 [ 𝐌𝐚𝐱 10𝐌 ] 𝐔𝐥𝐭𝐫𝐚 𝐅𝐚𝐬𝐭 𝐏𝐫𝐨𝐯𝐢𝐝𝐞𝐫 500𝐊/𝐃𝐚𝐲 | 365 𝐃𝐚𝐲𝐬 𝐑𝐞𝐟𝐢𝐥𝐥 ♻️🚀🚀🚀🚀[ 𝐁𝐢𝐠 𝐏𝐫𝐨𝐟𝐢𝐥𝐞𝐬 𝐀𝐜𝐜𝐞𝐩𝐭𝐞𝐝 ],9 Hours 21 Minutes,"Start : Instant 

Speed : 500k/day 

Drop : 0-5%

REFILL : 365 Days Refill ♻️",,278.025,,0.3,,,,per_item,review,0,,2026-07-16
SMS-0158,800,800,♻️ Instagram Followers ⭐  Refill,𝐈𝐧𝐬𝐭𝐚𝐠𝐫𝐚𝐦 𝐅𝐨𝐥𝐥𝐨𝐰𝐞𝐫𝐬 100% 𝐎𝐥𝐝 𝐀𝐜𝐜𝐨𝐮𝐧𝐭 𝐖𝐢𝐭𝐡 15 𝐏𝐨𝐬𝐭 [ 5%~𝐃𝐫𝐨𝐩 ] 800𝐤 𝐝𝐚𝐲𝐬 | 𝐋𝐢𝐟𝐞𝐭𝐢𝐦𝐞 𝐑𝐞𝐟𝐢𝐥𝐥 ♻️😍 𝐁𝐮𝐥𝐥𝐞𝐭 𝐒𝐩𝐞𝐞𝐝 𝐝𝐞𝐥𝐢𝐯𝐞𝐫𝐲 | 𝐀𝐥𝐥 𝐅𝐥𝐚𝐠 | 𝐅𝐥𝐚𝐠 𝐎𝐧/𝐎𝐅𝐅⭐  💝 ⭐,5 Hours 9 Minutes,"Start : One Click 

Speed : Bullet Speed 🚀🚀

Quality : 100% Old Account With 15 Post 

Drop : 5%  

Refill : Lifetime Refill ♻️",,278.025,,0.3,,,,per_item,review,0,,2026-07-16
SMS-0159,1267,1267,⭐ Instagram Followers ⭐ Direct Provider Cheap,𝐈𝐧𝐬𝐭𝐚𝐠𝐫𝐚𝐦 𝐅𝐨𝐥𝐥𝐨𝐰𝐞𝐫𝐬 𝐑𝐞𝐚𝐥 + 𝐎𝐥𝐝 𝐀𝐜𝐜𝐨𝐮𝐧𝐭𝐬 [ 𝐌𝐚𝐱 100 ] 50𝐊/𝐃𝐚𝐲 | 𝐍𝐨 𝐑𝐞𝐟𝐢𝐥𝐥  ⚠️ 𝐈𝐧𝐬𝐭𝐚𝐧𝐭 𝐒𝐭𝐚𝐫𝐭 🚀🚀 ( 𝐍𝐚𝐭𝐮𝐫𝐚𝐥 𝐒𝐩𝐞𝐞𝐝 ),6 Hours 21 Minutes,"Start : Instant 

Speed : 50K/Day ( Can Be More Slow over Load Time ) 

Drop :Low Drop 

Refill :  No Drop ⚠️",,278.025,,0.3,,,,per_item,review,0,,2026-07-16
SMS-0160,1268,1268,⭐ Instagram Followers ⭐ Direct Provider Cheap,𝐈𝐧𝐬𝐭𝐚𝐠𝐫𝐚𝐦 𝐅𝐨𝐥𝐥𝐨𝐰𝐞𝐫𝐬 𝐑𝐞𝐚𝐥 + 𝐎𝐥𝐝 𝐀𝐜𝐜𝐨𝐮𝐧𝐭𝐬 [ 𝐌𝐚𝐱 200 ] 20𝐊/𝐃𝐚𝐲 | 𝐍𝐨 𝐑𝐞𝐟𝐢𝐥𝐥  ⚠️ 𝐈𝐧𝐬𝐭𝐚𝐧𝐭 𝐒𝐭𝐚𝐫𝐭,11 Hours 32 Minutes,"Start : Instant 

Speed : 200K/Day 

Drop : 20%

Refill : No refill ⚠️",,278.025,,0.3,,,,per_item,review,0,,2026-07-16
SMS-0161,1264,1264,⭐ Instagram Followers ⭐ Direct Provider Cheap,𝐈𝐧𝐬𝐭𝐚𝐠𝐫𝐚𝐦 𝐅𝐨𝐥𝐥𝐨𝐰𝐞𝐫𝐬 100% 𝐑𝐞𝐚𝐥 𝐈𝐧𝐝𝐢𝐚𝐧 𝐀𝐜𝐜𝐨𝐮𝐧𝐭𝐬  ( 𝐍𝐨𝐧 -𝐃𝐫𝐨𝐩 ) 500𝐊/𝐃𝐚𝐲 | 365 𝐃𝐚𝐲𝐬 𝐑𝐄𝐅𝐈𝐋𝐋 ♻️ | 𝐎𝐧𝐞 𝐂𝐥𝐢𝐜𝐤 𝐃𝐨𝐧𝐞 ✅,1 Hour 42 Minutes,"Start : One Click 

Drop : 5%-10%

Refill : 365 Days 𝐑𝐄𝐅𝐈𝐋𝐋 ♻️

( Big Profiles not accepted)",,278.025,,0.3,,,,per_item,review,0,,2026-07-16
SMS-0162,1265,1265,⭐ Instagram Followers ⭐ Direct Provider Cheap,𝐈𝐧𝐬𝐭𝐚𝐠𝐫𝐚𝐦 𝐅𝐨𝐥𝐥𝐨𝐰𝐞𝐫𝐬 100% 𝐑𝐞𝐚𝐥 𝐀𝐜𝐜𝐨𝐮𝐧𝐭𝐬 [ 𝐌𝐚𝐱 100𝐊 ] 𝐕𝐞𝐫𝐲 𝐋𝐨𝐰 𝐃𝐫𝐨𝐩 | 𝐔𝐋𝐓𝐑𝐀 𝐅𝐀𝐒𝐓 500𝐊/𝐃𝐚𝐲 | 𝐋𝐢𝐟𝐞𝐭𝐢𝐦𝐞 𝐑𝐄𝐅𝐈𝐋𝐋 ♻️ | 𝐎𝐧𝐞 𝐂𝐥𝐢𝐜𝐤 𝐃𝐨𝐧𝐞 ✅,8 Hours 40 Minutes,"Start : One Click 

Drop : 0-5%

Refill : Lifetime 𝐑𝐄𝐅𝐈𝐋𝐋 ♻️

 ( Refill Can Be Work Under 500K Base Profile) )",,278.025,,0.3,,,,per_item,review,0,,2026-07-16
SMS-0163,1275,1275,📦 Instagram Followers ⭐ Old Accounts With Posts,𝐈𝐧𝐬𝐭𝐚𝐠𝐫𝐚𝐦 𝐅𝐨𝐥𝐥𝐨𝐰𝐞𝐫𝐬  100% 𝐎𝐥𝐝 𝐀𝐜𝐜𝐨𝐮𝐧𝐭 𝐖𝐢𝐭𝐡 3-5 𝐏𝐨𝐬𝐭 [ 𝐌𝐚𝐱 5𝐌 ]  ( 𝐋𝐨𝐰 𝐃𝐫𝐨𝐩 ) 100𝐊/𝐃𝐚𝐲 | 60 𝐃𝐚𝐲𝐬 𝐑𝐄𝐅𝐈𝐋𝐋 ♻️ | 𝐈𝐧𝐬𝐭𝐚𝐧𝐭 𝐒𝐭𝐚𝐫𝐭 🚀🚀🚀,20 Minutes,"Start : Instant 

Speed : 100K/Day 

Drop : Low Drop 

Refill : 60 Days REFILL ♻️",,278.025,,0.3,,,,per_item,review,0,,2026-07-16
SMS-0164,1274,1274,📦 Instagram Followers ⭐ Old Accounts With Posts,𝐈𝐧𝐬𝐭𝐚𝐠𝐫𝐚𝐦 𝐅𝐨𝐥𝐥𝐨𝐰𝐞𝐫𝐬  100% 𝐎𝐥𝐝 𝐀𝐜𝐜𝐨𝐮𝐧𝐭 𝐖𝐢𝐭𝐡 3-5 𝐏𝐨𝐬𝐭 [ 𝐌𝐚𝐱 5𝐌 ]  ( 𝐋𝐨𝐰 𝐃𝐫𝐨𝐩 ) 100𝐊/𝐃𝐚𝐲 | 30 𝐃𝐚𝐲𝐬 𝐑𝐄𝐅𝐈𝐋𝐋 ♻️ | 𝐈𝐧𝐬𝐭𝐚𝐧𝐭 𝐒𝐭𝐚𝐫𝐭 🚀🚀🚀,2 Hours 33 Minutes,"Start : Instant 

Speed : 100K/Day 

Drop : Low Drop 

Refill : 30 Days REFILL ♻️",,278.025,,0.3,,,,per_item,review,0,,2026-07-16
SMS-0165,1276,1276,📦 Instagram Followers ⭐ Old Accounts With Posts,𝐈𝐧𝐬𝐭𝐚𝐠𝐫𝐚𝐦 𝐅𝐨𝐥𝐥𝐨𝐰𝐞𝐫𝐬  100% 𝐎𝐥𝐝 𝐀𝐜𝐜𝐨𝐮𝐧𝐭 𝐖𝐢𝐭𝐡 3-5 𝐏𝐨𝐬𝐭 [ 𝐌𝐚𝐱 5𝐌 ]  ( 𝐋𝐨𝐰 𝐃𝐫𝐨𝐩 ) 100𝐊/𝐃𝐚𝐲 | 90 𝐃𝐚𝐲𝐬 𝐑𝐄𝐅𝐈𝐋𝐋 ♻️ | 𝐈𝐧𝐬𝐭𝐚𝐧𝐭 𝐒𝐭𝐚𝐫𝐭 🚀🚀🚀,3 Hours 23 Minutes,"Start : Instant 

Speed : 100K/Day 

Drop : Low Drop 

Refill : 90 Days REFILL ♻️",,278.025,,0.3,,,,per_item,review,0,,2026-07-16
SMS-0166,1277,1277,📦 Instagram Followers ⭐ Old Accounts With Posts,𝐈𝐧𝐬𝐭𝐚𝐠𝐫𝐚𝐦 𝐅𝐨𝐥𝐥𝐨𝐰𝐞𝐫𝐬  100% 𝐎𝐥𝐝 𝐀𝐜𝐜𝐨𝐮𝐧𝐭 𝐖𝐢𝐭𝐡 3-5 𝐏𝐨𝐬𝐭 [ 𝐌𝐚𝐱 5𝐌 ]  ( 𝐋𝐨𝐰 𝐃𝐫𝐨𝐩 ) 100𝐊/𝐃𝐚𝐲 | 365 𝐃𝐚𝐲𝐬 𝐑𝐄𝐅𝐈𝐋𝐋 ♻️ | 𝐈𝐧𝐬𝐭𝐚𝐧𝐭 𝐒𝐭𝐚𝐫𝐭 🚀🚀🚀,3 Hours 46 Minutes,"Start : Instant 

Speed : 100K/Day 

Drop : Low Drop 

Refill : 365 Days REFILL ♻️",,278.025,,0.3,,,,per_item,review,0,,2026-07-16
SMS-0167,1278,1278,📦 Instagram Followers ⭐ Old Accounts With Posts,𝐈𝐧𝐬𝐭𝐚𝐠𝐫𝐚𝐦 𝐅𝐨𝐥𝐥𝐨𝐰𝐞𝐫𝐬  100% 𝐎𝐥𝐝 𝐀𝐜𝐜𝐨𝐮𝐧𝐭 𝐖𝐢𝐭𝐡 3-5 𝐏𝐨𝐬𝐭 [ 𝐌𝐚𝐱 5𝐌 ]  ( 𝐋𝐨𝐰 𝐃𝐫𝐨𝐩 ) 100𝐊/𝐃𝐚𝐲 | 𝐋𝐢𝐟𝐞𝐭𝐢𝐦𝐞 𝐑𝐄𝐅𝐈𝐋𝐋 ♻️ | 𝐈𝐧𝐬𝐭𝐚𝐧𝐭 𝐒𝐭𝐚𝐫𝐭 🚀🚀🚀,46 Minutes,,,278.025,,0.3,,,,per_item,review,0,,2026-07-16
SMS-0168,1090,1090,🌍 Instagram Followers ⭐ [ 𝐔𝐩𝐝𝐚𝐭𝐞𝐝 ],Instagram Followers 🌟 | Premium Quality 💎 | Old Accounts 🔥 | Non Drop 🔐 | Speed: 50K/Day 🚀 | Cancel & 𝗥𝗘𝗙𝗜𝗟𝗟 𝐁𝐮𝐭𝐭𝐨𝐧 𝐄𝐧𝐚𝐛𝐥𝐞𝐝 🔥| Refill: Lifetime ♻️ | Start: 1hrs ⏱,1 Hour 22 Minutes,"Disable \""Mark for Review\"" before ordering Followers
Instructions
📌 1. Go to \""Settings and Actions\""
📌 2. Select \""Invite and follow friends\""
📌 3. Disable Mark for Review
---------------------------
⌛ Start: 1Hrs
⚡ Delivery: 50k Per Day
---------------------------
☢ Dropping: 0%
☢ Refill Button:  Lifetime  𝗥𝗘𝗙𝗜𝗟𝗟 𝐁𝐮𝐭𝐭𝐨𝐧 𝐄𝐧𝐚𝐛𝐥𝐞𝐝
---------------------------
💎 Quality: High Quality

🔗 Link: Instagram Profile URL Only

📌 Notes: Big profiles are not Accepted. If your profile has more than 10,000 followers, please do not use this service.We are not responsible for refills.",,278.025,,0.3,,,,per_item,review,0,,2026-07-16
SMS-0169,1065,1065,🌍 Instagram Followers ⭐ Worldwide Mixed,⭐ Instagram Followers – Old & Active Profiles (with  Posts) |  | High Stability 365 𝐃𝐚𝐲𝐬 𝐑𝐞𝐟𝐢𝐥𝐥 ♻️ 𝐈𝐧𝐬𝐭𝐚𝐧𝐭 𝐒𝐭𝐚𝐫t,3 Hours 56 Minutes,"Big Profiles not Accepted 

Start Time: Always Instant
Speed: 250K per day (ultra fast batches)
Quality: Old accounts with posts (natural profile look)

Refill: 365 Days Full Refill ♻️

Short Pitch:
🚀 Instant start, strong quality, post-rich accounts, aur 1-year refill guarantee — long-term campaigns ke liye best.",,278.025,,0.3,,,,per_item,review,0,,2026-07-16
SMS-0170,942,942,🌍 Instagram Followers ⭐ Worldwide Mixed,⭐ Instagram Followers ⭐[ 𝗠𝗶𝘅𝗲𝗱 𝐀𝐜𝐜𝐨𝐮𝐧𝐭𝐬 ] [Speed: 50k Day] [ Non Drop] 𝟏 𝗠𝗶𝗻𝘂𝘁𝗲𝘀 𝗖𝗼𝗺𝗽𝗹𝗲𝘁𝗲𝗱 🔥| Market Cheapest 🌍,2 Hours 38 Minutes,"🌟 Enhance Your Social Media Presence with Our Exclusive Growth Service 🌟

Start : Due to the strict restrictions imposed by Instagram, orders are made in turn. For this reason, starting the service may take between 0 and 30min.

Disable \""Mark Flag For Review\"" before ordering Followers
Instructions
📌 1. Go to \""Settings and Actions\""
📌 2. Select \""Invite and follow friends\""
📌 3. Disable Flag for Review


✔️ Real and authentic accounts
✔️ Dedicated to delivering top-tier services

🚀 Always Operational

🔗 Link: [Insert Your Profile Link]",,278.025,,0.3,,,,per_item,review,0,,2026-07-16
SMS-0171,943,943,🌍 Instagram Followers ⭐ Worldwide Mixed,⭐ Instagram Followers ⭐[ 𝗠𝗶𝘅𝗲𝗱 𝐀𝐜𝐜𝐨𝐮𝐧𝐭𝐬 ] [Speed: 100k Day] [ Non Drop] 𝟏 𝗠𝗶𝗻𝘂𝘁𝗲𝘀 𝗖𝗼𝗺𝗽𝗹𝗲𝘁𝗲𝗱 🔥| Market Cheapest 🌍,1 Hour 46 Minutes,"🌟 Enhance Your Social Media Presence with Our Exclusive Growth Service 🌟

✨ Start Time: 0-5 Minutes ⌛
✨ Speed: 100k D+ ⚡

🔄 Guarantee: Guaranteed Delivery

✨ Our Commitment to Quality:

✔️ Real and authentic accounts
✔️ Dedicated to delivering top-tier services

🚀 Always Operational

🔗 Link: [Insert Your Profile Link]",,278.025,,0.3,,,,per_item,review,0,,2026-07-16
SMS-0172,946,946,🛡️ Instagram Followers ⭐ Lifetime Refill,Instagram Followers ⭐ 𝐎𝐥𝐝 𝐀𝐜𝐜𝐨𝐮𝐧𝐭𝐬 𝐖𝐢𝐭𝐡 𝐏𝐨𝐬𝐭𝐬 [ All Flag Types Working ] [Speed: 20k Day] [ 𝐋𝐢𝐟𝐞𝐭𝐢𝐦𝐞 𝐆𝐮𝐫𝐚𝐧𝐭𝐞𝐝♻️] [Start Time: 0-1hrs],2 Hours 4 Minutes,"𝐏𝐫𝐞𝐦𝐢𝐮𝐦 𝐅𝐨𝐥𝐥𝐨𝐰𝐞𝐫𝐬 𝐒𝐞𝐫𝐯𝐢𝐜𝐞

📝 Note: Disable Flag

⏳ Start Time: 0-1hrs 
🚀 Speed: Up to 20k/Day
👑 Quality: Aged Accounts
🔻 Drop Rate: 5%
♻️ Guarantee: Lifetime Refill
✖️ Cancellation: Available
🔗 Enter Profile Link

Complete profiles with avatars & posts

100% non-drop service

📌 Important: Remove \""profilecard\"" before ordering.
✅ Correct Format: Direct Profile Link

⚠️ Important Refill Conditions:

🔸Your account must be public

🔸Username should not be changed

🔸Follower count must not drop below the start count",,278.025,,0.3,,,,per_item,review,0,,2026-07-16
SMS-0173,944,944,🛡️ Instagram Followers ⭐ Lifetime Refill,Instagram Followers ⭐ 𝐎𝐥𝐝 𝐀𝐜𝐜𝐨𝐮𝐧𝐭𝐬 𝐖𝐢𝐭𝐡 𝐏𝐨𝐬𝐭𝐬 [ All Flag Types Working ] [Speed: 50k Day] [ 𝐋𝐢𝐟𝐞𝐭𝐢𝐦𝐞 𝐆𝐮𝐫𝐚𝐧𝐭𝐞𝐝♻️] [Start Time:0- 5Minutes],5 Hours 12 Minutes,"𝐏𝐫𝐞𝐦𝐢𝐮𝐦 𝐅𝐨𝐥𝐥𝐨𝐰𝐞𝐫𝐬 𝐒𝐞𝐫𝐯𝐢𝐜𝐞

📝 Note: Disable Flag

⏳ Start Time: 0- 5Minutes
🚀 Speed: Up to 50k/Day
👑 Quality: Aged Accounts
🔻 Drop Rate: 5%
♻️ Guarantee: Lifetime Refill
✖️ Cancellation: Available
🔗 Enter Profile Link

Complete profiles with avatars & posts

100% non-drop service

📌 Important: Remove \""profilecard\"" before ordering.
✅ Correct Format: Direct Profile Link

⚠️ Important Refill Conditions:

🔸Your account must be public

🔸Username should not be changed

🔸Follower count must not drop below the start count",,278.025,,0.3,,,,per_item,review,0,,2026-07-16
SMS-0174,947,947,🛡️ Instagram Followers ⭐ Lifetime Refill,Instagram Followers ⭐ [ 𝐒𝐭𝐚𝐛𝐥𝐞 ] [ All Flag Types Working ] [Speed: 100k Day] [ Non Drop] [ 𝐋𝐢𝐟𝐞𝐭𝐢𝐦𝐞 𝐆𝐮𝐫𝐚𝐧𝐭𝐞𝐝♻️] [Start Time: 0-1hrs],140 Hours 54 Minutes,"𝐏𝐫𝐞𝐦𝐢𝐮𝐦 𝐅𝐨𝐥𝐥𝐨𝐰𝐞𝐫𝐬 𝐒𝐞𝐫𝐯𝐢𝐜𝐞

📝 Note:  All Flag Types Working

⏳ Start Time: 0-3 Minutes
🚀 Speed: Up to 100k/Day
👑 Quality: Aged Accounts
🔻 Drop Rate: No Drop
♻️ Guarantee: Lifetime Refill
✖️ Cancellation: Available
🔗 Enter Profile Link

Complete profiles with avatars & posts

100% non-drop service

📌 Important: Remove \""profilecard\"" before ordering.
✅ Correct Format: Direct Profile Link
🔸 AI-Powered Instant Refill Support 🔸
🔸We provide AI Refill Support on this service!
🔸If your followers drop in the future, our AI system will detect it and start the refill      within 1 minute.

📩 Just send your Order ID on WhatsApp Support — our AI robot will instantly process your refill.

⚠️ Important Refill Conditions:

🔸Your account must be public

🔸Username should not be changed

🔸Follower count must not drop below the start count",,278.025,,0.3,,,,per_item,review,0,,2026-07-16
SMS-0175,945,945,🛡️ Instagram Followers ⭐ Lifetime Refill,Instagram Followers ⭐ [ 𝐒𝐭𝐚𝐛𝐥𝐞 ] [ All Flag Types Working] [Speed: 500k Day] [ Non Drop] [ 𝐋𝐢𝐟𝐞𝐭𝐢𝐦𝐞 𝐆𝐮𝐫𝐚𝐧𝐭𝐞𝐝♻️] [Start Time: 0-1hrs],48 Minutes,"𝐏𝐫𝐞𝐦𝐢𝐮𝐦 𝐅𝐨𝐥𝐥𝐨𝐰𝐞𝐫𝐬 𝐒𝐞𝐫𝐯𝐢𝐜𝐞

📝 Note: Disable 🚩 flagged review option to ensure delivery.

⏳ Start Time: 0-3 Minutes
🚀 Speed: Up to 500k/Day
👑 Quality: Aged Accounts
🔻 Drop Rate: No Drop
♻️ Guarantee: Lifetime Refill
✖️ Cancellation: Available
🔗 Enter Profile Link

Realistic aged accounts

Complete profiles with avatars & posts

100% non-drop service

📌 Important: Remove \""profilecard\"" before ordering.
✅ Correct Format: Direct Profile Link

🔸 AI-Powered Instant Refill Support 🔸
🔸We provide AI Refill Support on this service!
🔸If your followers drop in the future, our AI system will detect it and start the refill      within 1 minute.

📩 Just send your Order ID on WhatsApp Support — our AI robot will instantly process your refill.

⚠️ Important Refill Conditions:

🔸Your account must be public

🔸Username should not be changed

🔸Follower count must not drop below the start count

Username must not be changed after placing the order.

Your followers count must not be below the initial start count when the order was placed.",,278.025,,0.3,,,,per_item,review,0,,2026-07-16
SMS-0176,1233,1233,💯 Instagram Followers ⭐ Non-Drop,𝐈𝐧𝐬𝐭𝐚𝐠𝐫𝐚𝐦 𝐅𝐨𝐥𝐥𝐨𝐰𝐞𝐫𝐬 100% 𝐑𝐞𝐚𝐥 + 𝐎𝐥𝐝 𝐀𝐜𝐜𝐨𝐮𝐧𝐭𝐬 𝐌𝐢𝐱 [ 𝐌𝐚𝐱 5𝐌 ] 𝐕𝐞𝐫𝐲 𝐋𝐨𝐰 𝐃𝐫𝐨𝐩 | 𝐔𝐋𝐓𝐑𝐀 𝐅𝐀𝐒𝐓 500𝐊/𝐃𝐚𝐲 | 𝐍𝐨 𝐑𝐄𝐅𝐈𝐋𝐋 ⚠️ | 𝐎𝐧𝐞 𝐂𝐥𝐢𝐜𝐤 𝐃𝐨𝐧𝐞 ✅,4 Hours 53 Minutes,"Start : Always Instant 

Speed : 500K/Day 

Drop : 0-5%

Refill : No 𝐑𝐄𝐅𝐈𝐋𝐋 ⚠️",,278.025,,0.3,,,,per_item,review,0,,2026-07-16
SMS-0177,1234,1234,💯 Instagram Followers ⭐ Non-Drop,𝐈𝐧𝐬𝐭𝐚𝐠𝐫𝐚𝐦 𝐅𝐨𝐥𝐥𝐨𝐰𝐞𝐫𝐬 100% 𝐑𝐞𝐚𝐥 + 𝐎𝐥𝐝 𝐀𝐜𝐜𝐨𝐮𝐧𝐭𝐬 𝐌𝐢𝐱 [ 𝐌𝐚𝐱 5𝐌 ] 𝐕𝐞𝐫𝐲 𝐋𝐨𝐰 𝐃𝐫𝐨𝐩 | 𝐔𝐋𝐓𝐑𝐀 𝐅𝐀𝐒𝐓 500𝐊/𝐃𝐚𝐲 | 30 𝐃𝐚𝐲𝐬 𝐑𝐄𝐅𝐈𝐋𝐋 ♻️ | 𝐎𝐧𝐞 𝐂𝐥𝐢𝐜𝐤 𝐃𝐨𝐧𝐞 ✅,7 Hours 0 Minutes,"Start : Always Instant 

Speed : 500K/Day 

Drop : 0-5%

Refill : 30 Day\s 𝐑𝐄𝐅𝐈𝐋𝐋 ♻️",,278.025,,0.3,,,,per_item,review,0,,2026-07-16
SMS-0178,1235,1235,💯 Instagram Followers ⭐ Non-Drop,𝐈𝐧𝐬𝐭𝐚𝐠𝐫𝐚𝐦 𝐅𝐨𝐥𝐥𝐨𝐰𝐞𝐫𝐬 100% 𝐑𝐞𝐚𝐥 + 𝐎𝐥𝐝 𝐀𝐜𝐜𝐨𝐮𝐧𝐭𝐬 𝐌𝐢𝐱 [ 𝐌𝐚𝐱 5𝐌 ] 𝐕𝐞𝐫𝐲 𝐋𝐨𝐰 𝐃𝐫𝐨𝐩 | 𝐔𝐋𝐓𝐑𝐀 𝐅𝐀𝐒𝐓 500𝐊/𝐃𝐚𝐲 | 60 𝐃𝐚𝐲𝐬 𝐑𝐄𝐅𝐈𝐋𝐋 ♻️ | 𝐎𝐧𝐞 𝐂𝐥𝐢𝐜𝐤 𝐃𝐨𝐧𝐞 ✅,11 Hours 0 Minutes,"Start : Always Instant 

Speed : 500K/Day 

Drop : 0-5%

Refill : 60 Day\s 𝐑𝐄𝐅𝐈𝐋𝐋 ♻️",,278.025,,0.3,,,,per_item,review,0,,2026-07-16
SMS-0179,1236,1236,💯 Instagram Followers ⭐ Non-Drop,𝐈𝐧𝐬𝐭𝐚𝐠𝐫𝐚𝐦 𝐅𝐨𝐥𝐥𝐨𝐰𝐞𝐫𝐬 100% 𝐑𝐞𝐚𝐥 + 𝐎𝐥𝐝 𝐀𝐜𝐜𝐨𝐮𝐧𝐭𝐬 𝐌𝐢𝐱 [ 𝐌𝐚𝐱 5𝐌 ] 𝐕𝐞𝐫𝐲 𝐋𝐨𝐰 𝐃𝐫𝐨𝐩 | 𝐔𝐋𝐓𝐑𝐀 𝐅𝐀𝐒𝐓 500𝐊/𝐃𝐚𝐲 | 90 𝐃𝐚𝐲𝐬 𝐑𝐄𝐅𝐈𝐋𝐋 ♻️ | 𝐎𝐧𝐞 𝐂𝐥𝐢𝐜𝐤 𝐃𝐨𝐧𝐞 ✅,26 Minutes,"Start : Always Instant 

Speed : 500K/Day 

Drop : 0-5%

Refill : 90 Day\s 𝐑𝐄𝐅𝐈𝐋𝐋 ♻️",,278.025,,0.3,,,,per_item,review,0,,2026-07-16
SMS-0180,1237,1237,💯 Instagram Followers ⭐ Non-Drop,𝐈𝐧𝐬𝐭𝐚𝐠𝐫𝐚𝐦 𝐅𝐨𝐥𝐥𝐨𝐰𝐞𝐫𝐬 100% 𝐑𝐞𝐚𝐥 + 𝐎𝐥𝐝 𝐀𝐜𝐜𝐨𝐮𝐧𝐭𝐬 𝐌𝐢𝐱 [ 𝐌𝐚𝐱 5𝐌 ] 𝐕𝐞𝐫𝐲 𝐋𝐨𝐰 𝐃𝐫𝐨𝐩 | 𝐔𝐋𝐓𝐑𝐀 𝐅𝐀𝐒𝐓 500𝐊/𝐃𝐚𝐲 | 365 𝐃𝐚𝐲𝐬 𝐑𝐄𝐅𝐈𝐋𝐋 ♻️ | 𝐎𝐧𝐞 𝐂𝐥𝐢𝐜𝐤 𝐃𝐨𝐧𝐞 ✅,12 Hours 56 Minutes,,,278.025,,0.3,,,,per_item,review,0,,2026-07-16
SMS-0181,1238,1238,💯 Instagram Followers ⭐ Non-Drop,𝐈𝐧𝐬𝐭𝐚𝐠𝐫𝐚𝐦 𝐅𝐨𝐥𝐥𝐨𝐰𝐞𝐫𝐬 100% 𝐑𝐞𝐚𝐥 + 𝐎𝐥𝐝 𝐀𝐜𝐜𝐨𝐮𝐧𝐭𝐬 𝐌𝐢𝐱 [ 𝐌𝐚𝐱 5𝐌 ] 𝐕𝐞𝐫𝐲 𝐋𝐨𝐰 𝐃𝐫𝐨𝐩 | 𝐔𝐋𝐓𝐑𝐀 𝐅𝐀𝐒𝐓 500𝐊/𝐃𝐚𝐲 | 𝐋𝐢𝐟𝐞𝐭𝐢𝐦𝐞 𝐑𝐄𝐅𝐈𝐋𝐋 ♻️ | 𝐎𝐧𝐞 𝐂𝐥𝐢𝐜𝐤 𝐃𝐨𝐧𝐞 ✅,18 Minutes,,,278.025,,0.3,,,,per_item,review,0,,2026-07-16
SMS-0182,994,994,⭐ Instagram Followers ⭐  [ Refill Working ],Instagram Followers 🌟 | Premium Quality 💎 | Old Accounts 🔥 | Non Drop 🔐 | Speed: 50K/Day 🚀 | Cancel & 𝗥𝗘𝗙𝗜𝗟𝗟 𝐁𝐮𝐭𝐭𝐨𝐧 𝐄𝐧𝐚𝐛𝐥𝐞𝐝 🔥| Refill: 30Days ♻️ | Start: 1hrs ⏱,59 Minutes,"Disable \""Mark for Review\"" before ordering Followers
Instructions
📌 1. Go to \""Settings and Actions\""
📌 2. Select \""Invite and follow friends\""
📌 3. Disable Mark for Review
---------------------------
⌛ Start: 1Hrs
⚡ Delivery: 50k Per Day
---------------------------
☢ Dropping: 0%
☢ Refill Button: 30Days 𝗥𝗘𝗙𝗜𝗟𝗟 𝐁𝐮𝐭𝐭𝐨𝐧 𝐄𝐧𝐚𝐛𝐥𝐞𝐝
---------------------------
💎 Quality: High Quality

🔗 Link: Instagram Profile URL Only

📌 Notes:
➤ Refill supported on all types of updates
➤ Button works for any kind of drop
➤ Order will be cancelled if not refilled on time",,278.025,,0.3,,,,per_item,review,0,,2026-07-16
SMS-0183,995,995,⭐ Instagram Followers ⭐  [ Refill Working ],Instagram Followers 🌟 | Premium Quality 💎 | Old Accounts 🔥 | Non Drop 🔐 | Speed: 50K/Day 🚀 | Cancel & 𝗥𝗘𝗙𝗜𝗟𝗟 𝐁𝐮𝐭𝐭𝐨𝐧 𝐄𝐧𝐚𝐛𝐥𝐞𝐝 🔥| Refill: 60Days ♻️ | Start: 1hrs ⏱,1 Hour 23 Minutes,"Disable \""Mark for Review\"" before ordering Followers
Instructions
📌 1. Go to \""Settings and Actions\""
📌 2. Select \""Invite and follow friends\""
📌 3. Disable Mark for Review
---------------------------
⌛ Start: 1Hrs
⚡ Delivery: 50k Per Day
---------------------------
☢ Dropping: 0%
☢ Refill Button: 60Days 𝗥𝗘𝗙𝗜𝗟𝗟 𝐁𝐮𝐭𝐭𝐨𝐧 𝐄𝐧𝐚𝐛𝐥𝐞𝐝
---------------------------
💎 Quality: High Quality

🔗 Link: Instagram Profile URL Only

📌 Notes:
➤ Refill supported on all types of updates
➤ Button works for any kind of drop
➤ Order will be cancelled if not refilled on time",,278.025,,0.3,,,,per_item,review,0,,2026-07-16
SMS-0184,997,997,⭐ Instagram Followers ⭐  [ Refill Working ],Instagram Followers 🌟 | Premium Quality 💎 | Old Accounts 🔥 | Non Drop 🔐 | Speed: 50K/Day 🚀 | Cancel & 𝗥𝗘𝗙𝗜𝗟𝗟 𝐁𝐮𝐭𝐭𝐨𝐧 𝐄𝐧𝐚𝐛𝐥𝐞𝐝 🔥| Refill: 90Days ♻️ | Start: 1hrs ⏱,New Service,"Disable \""Mark for Review\"" before ordering Followers
Instructions
📌 1. Go to \""Settings and Actions\""
📌 2. Select \""Invite and follow friends\""
📌 3. Disable Mark for Review
---------------------------
⌛ Start: 1Hrs
⚡ Delivery: 50k Per Day
---------------------------
☢ Dropping: 0%
☢ Refill Button: 90Days 𝗥𝗘𝗙𝗜𝗟𝗟 𝐁𝐮𝐭𝐭𝐨𝐧 𝐄𝐧𝐚𝐛𝐥𝐞𝐝
---------------------------
💎 Quality: High Quality

🔗 Link: Instagram Profile URL Only

📌 Notes:
➤ Refill supported on all types of updates
➤ Button works for any kind of drop
➤ Order will be cancelled if not refilled on time",,278.025,,0.3,,,,per_item,review,0,,2026-07-16
SMS-0185,996,996,⭐ Instagram Followers ⭐  [ Refill Working ],Instagram Followers 🌟 | Premium Quality 💎 | Old Accounts 🔥 | Non Drop 🔐 | Speed: 50K/Day 🚀 | Cancel & 𝗥𝗘𝗙𝗜𝗟𝗟 𝐁𝐮𝐭𝐭𝐨𝐧 𝐄𝐧𝐚𝐛𝐥𝐞𝐝 🔥| Refill: 365Days ♻️ | Start: 1hrs ⏱,1 Hour 26 Minutes,"Disable \""Mark for Review\"" before ordering Followers
Instructions
📌 1. Go to \""Settings and Actions\""
📌 2. Select \""Invite and follow friends\""
📌 3. Disable Mark for Review
---------------------------
⌛ Start: 1Hrs
⚡ Delivery: 50k Per Day
---------------------------
☢ Dropping: 0%
☢ Refill Button: 365Days 𝗥𝗘𝗙𝗜𝗟𝗟 𝐁𝐮𝐭𝐭𝐨𝐧 𝐄𝐧𝐚𝐛𝐥𝐞𝐝
---------------------------
💎 Quality: High Quality

🔗 Link: Instagram Profile URL Only

📌 Notes:
➤ Refill supported on all types of updates
➤ Button works for any kind of drop
➤ Order will be cancelled if not refilled on time",,278.025,,0.3,,,,per_item,review,0,,2026-07-16
SMS-0186,998,998,⭐ Instagram Followers ⭐  [ Refill Working ],Instagram Followers 🌟 | Premium Quality 💎 | Old Accounts 🔥 | Non Drop 🔐 | Speed: 50K/Day 🚀 | Cancel & 𝗥𝗘𝗙𝗜𝗟𝗟 𝐁𝐮𝐭𝐭𝐨𝐧 𝐄𝐧𝐚𝐛𝐥𝐞𝐝 🔥| Refill: Lifetime ♻️ | Start: 1hrs ⏱,40 Minutes,,,278.025,,0.3,,,,per_item,review,0,,2026-07-16
SMS-0187,1357,1357,❤️ Instagram Followers ⭐ Low Drop,𝐈𝐧𝐬𝐭𝐚𝐠𝐫𝐚𝐦 𝐟𝐨𝐥𝐥𝐨𝐰𝐞𝐫𝐬 100% 𝐑𝐞𝐚𝐥 𝐀𝐜𝐜𝐨𝐮𝐧𝐭𝐬 𝐰𝐢𝐭𝐡 6 𝐏𝐨𝐬𝐭 ( 𝐀𝐥𝐦𝐨𝐬𝐭 𝐍𝐨𝐧 𝐃𝐫𝐨𝐩 ) 500𝐊/𝐃𝐚𝐲 | 𝐋𝐢𝐟𝐞𝐭𝐢𝐦𝐞  𝐑𝐞𝐟𝐢𝐥𝐥 ♻️ | 𝐈𝐧𝐬𝐭𝐚𝐧𝐭 𝐒𝐭𝐚𝐫𝐭 ⚡⚡⚡⚡,13 Minutes,"Start : Instant 

Speed : 500K/Day 

Drop : Almost Non Drop 

Refill : Lifetime Refill ♻️",,278.025,,0.3,,,,per_item,review,0,,2026-07-16
SMS-0188,1143,1143,🇵🇰 Instagram Followers ⭐ Pakistan + 🌍 𝐌𝐢𝐱𝐞𝐝,Instagram Followers (🇵🇰 Pakistani + 🌍 Mixed | Speed: 100kDay | Refill + Cancel button Work | Refill:30 Days Refill♻️ | Start: 0- 30 Minutes,8 Hours 11 Minutes,"⌛ Start: 1Hrs
⚡ Delivery: 100k Per Day
---------------------------
☢ Dropping: 5%
☢ Refill Button: 30Days 𝗥𝗘𝗙𝗜𝗟𝗟 𝐁𝐮𝐭𝐭𝐨𝐧 𝐄𝐧𝐚𝐛𝐥𝐞𝐝
---------------------------
💎 Quality: (🇵🇰 Pakistani + 🌍 Mixed)

🔗 Link: Instagram Profile URL Only

📌 Notes: Big profiles are not Accepted. If your profile has more than 10,000 followers, please do not use this service.We are not responsible for refills.",,278.025,,0.3,,,,per_1000,review,0,,2026-07-16
SMS-0189,1144,1144,🇵🇰 Instagram Followers ⭐ Pakistan + 🌍 𝐌𝐢𝐱𝐞𝐝,Instagram Followers (🇵🇰 Pakistani + 🌍 Mixed | Speed: 100kDay | Refill + Cancel button Work | Refill: Lifetime ♻️ | Start: 0- 30 Minutes,3 Hours 20 Minutes,"⌛ Start: 1Hrs
⚡ Delivery: 100k Per Day
---------------------------
☢ Dropping: 5%
☢ Refill Button: Lifetime 𝗥𝗘𝗙𝗜𝗟𝗟 𝐁𝐮𝐭𝐭𝐨𝐧 𝐄𝐧𝐚𝐛𝐥𝐞𝐝
---------------------------
💎 Quality: (🇵🇰 Pakistani + 🌍 Mixed)

🔗 Link: Instagram Profile URL Only

📌 Notes: Big profiles are not Accepted. If your profile has more than 10,000 followers, please do not use this service.We are not responsible for refills.",,278.025,,0.3,,,,per_1000,review,0,,2026-07-16
SMS-0190,1159,1159,🌟 Instagram Followers ⭐ Big Base Profiles,𝐈𝐧𝐬𝐭𝐚𝐠𝐫𝐚𝐦 𝐅𝐨𝐥𝐥𝐨𝐰𝐞𝐫𝐬 𝐑𝐞𝐚𝐥 & 𝐌𝐢𝐱 ( 𝐌𝐚𝐱 100𝐤 )   50𝐊-100𝐊/𝐃𝐚𝐲 | 𝐍𝐨 𝐑𝐞𝐟𝐢𝐥𝐥 ⚠️ 𝐈𝐧𝐬𝐭𝐚𝐧𝐭 𝐒𝐭𝐚𝐫𝐭 🚀🚀🚀,8 Hours 45 Minutes,"Start : Instant 

Speed :  100K/Day 

Quality : Real & Mix 

Refill : No Refill ⚠️",,278.025,,0.3,,,,per_1000,review,0,,2026-07-16
SMS-0191,1160,1160,🌟 Instagram Followers ⭐ Big Base Profiles,𝐈𝐧𝐬𝐭𝐚𝐠𝐫𝐚𝐦 𝐅𝐨𝐥𝐥𝐨𝐰𝐞𝐫𝐬 𝐑𝐞𝐚𝐥 & 𝐌𝐢𝐱 ( 𝐌𝐚𝐱 100𝐤 )   50𝐊-100𝐊/𝐃𝐚𝐲 | 30 𝐃𝐚𝐲\\𝐬 𝐑𝐄𝐅𝐈𝐋𝐋 ♻️ | 𝐈𝐧𝐬𝐭𝐚𝐧𝐭 𝐒𝐭𝐚𝐫𝐭 🚀🚀🚀,56 Minutes,"Start : Instant 

Speed :  100K/Day 

Quality : Real & Mix 

Refill : 30 Days REFILL ♻️",,278.025,,0.3,,,,per_1000,review,0,,2026-07-16
SMS-0192,1161,1161,🌟 Instagram Followers ⭐ Big Base Profiles,𝐈𝐧𝐬𝐭𝐚𝐠𝐫𝐚𝐦 𝐅𝐨𝐥𝐥𝐨𝐰𝐞𝐫𝐬 𝐑𝐞𝐚𝐥 & 𝐌𝐢𝐱 ( 𝐌𝐚𝐱 100𝐤 )   50𝐊-100𝐊/𝐃𝐚𝐲 | 90 𝐃𝐚𝐲\\𝐬 𝐑𝐄𝐅𝐈𝐋𝐋 ♻️ | 𝐈𝐧𝐬𝐭𝐚𝐧𝐭 𝐒𝐭𝐚𝐫𝐭 🚀🚀🚀,52 Minutes,"Start : Instant 

Speed :  100K/Day 

Quality : Real & Mix 

Refill : 90 Days 𝐑𝐄𝐅𝐈𝐋𝐋 ♻️",,278.025,,0.3,,,,per_1000,review,0,,2026-07-16
SMS-0193,1162,1162,🌟 Instagram Followers ⭐ Big Base Profiles,𝐈𝐧𝐬𝐭𝐚𝐠𝐫𝐚𝐦 𝐅𝐨𝐥𝐥𝐨𝐰𝐞𝐫𝐬 𝐑𝐞𝐚𝐥 & 𝐌𝐢𝐱 ( 𝐌𝐚𝐱 100𝐤 )   50𝐊-100𝐊/𝐃𝐚𝐲 | 365 𝐃𝐚𝐲\\𝐬 𝐑𝐄𝐅𝐈𝐋𝐋 ♻️ | 𝐈𝐧𝐬𝐭𝐚𝐧𝐭 𝐒𝐭𝐚𝐫𝐭 🚀🚀🚀,1 Hour 12 Minutes,"Start : Instant 

Speed :  100K/Day 

Quality : Real & Mix 

Refill : 365 Days REFILL ♻️",,278.025,,0.3,,,,per_1000,review,0,,2026-07-16
SMS-0194,1163,1163,🌟 Instagram Followers ⭐ Big Base Profiles,𝐈𝐧𝐬𝐭𝐚𝐠𝐫𝐚𝐦 𝐅𝐨𝐥𝐥𝐨𝐰𝐞𝐫𝐬 𝐑𝐞𝐚𝐥 & 𝐌𝐢𝐱 ( 𝐌𝐚𝐱 100𝐤 )   50𝐊-100𝐊/𝐃𝐚𝐲 | 𝐋𝐢𝐟𝐞𝐭𝐢𝐦𝐞 𝐑𝐄𝐅𝐈𝐋𝐋 ♻️ | 𝐈𝐧𝐬𝐭𝐚𝐧𝐭 𝐒𝐭𝐚𝐫𝐭 🚀🚀🚀,48 Minutes,,,278.025,,0.3,,,,per_1000,review,0,,2026-07-16
SMS-0195,631,631,🚀 Instagram Likes ⭐ Best Speed,Instagram Likes | High Quality & Non-Drop | Speed: 100K/Day 🚀 | Start: 0–5 Min  ⏱ | Refill: Lifetime ♻️,11 Minutes,"Start - Instant [ One Click Start ]

Speed - Upto 100K+ / day

Quality - Mix Quality

Drop - Non Drop + Extra Delivery

Link - Instagram Reel / Video / IGTV URL

Note -

Fast Speed Likes with good quality

Quality Can Change during but speed is very stable",,278.025,,0.3,,,,per_1000,review,0,,2026-07-16
SMS-0196,1082,1082,🚀 Instagram Likes ⭐ Best Speed,𝐈𝐧𝐬𝐭𝐚𝐠𝐫𝐚𝐦 𝐋𝐢𝐤𝐞𝐬 𝐎𝐥𝐝 𝐀𝐜𝐜𝐨𝐮𝐧𝐭𝐬 𝐖𝐢𝐭𝐡 𝐏𝐨𝐬𝐭\\\\\\\\𝐬 [ 𝐌𝐚𝐱 1𝐌 ] 100𝐊/𝐃𝐚𝐲 | 𝐋𝐢𝐟𝐞𝐭𝐢𝐦𝐞 𝐑𝐄𝐅𝐈𝐋𝐋 ♻️ | 𝐈𝐧𝐬𝐭𝐚𝐧𝐭 𝐒𝐭𝐚𝐫𝐭 ( 𝐂𝐚𝐧𝐜𝐞𝐥 𝐄𝐧𝐚𝐛𝐥𝐞 )  🚀🚀🚀🚀,15 Minutes,"Start : Instant 

Speed : 100K/Day 

Drop : No 

Refill  : Lifetime 𝐑𝐄𝐅𝐈𝐋𝐋 ♻️",,278.025,,0.3,,,,per_item,review,0,,2026-07-16
SMS-0197,1139,1139,🔥 Instagram Likes ⭐ Fast Delivery,𝐈𝐧𝐬𝐭𝐚𝐠𝐫𝐚𝐦 𝐋𝐢𝐤𝐞𝐬 100% 𝐎𝐥𝐝 𝐀𝐜𝐜𝐨𝐮𝐧𝐭 𝐖𝐢𝐭𝐡 𝐩𝐨𝐬𝐭 ( 𝐍𝐨𝐧-𝐃𝐫𝐨𝐩 ) 300𝐊/𝐃𝐚𝐲 | 𝐋𝐢𝐟𝐞𝐭𝐢𝐦𝐞 𝐑𝐞𝐟𝐢𝐥𝐥 ♻️🚀🚀🚀🚀 ( 𝐖𝐨𝐫𝐤𝐢𝐧𝐠 𝐔𝐩𝐝𝐚𝐭𝐞 )  5-10% 𝐄𝐱𝐭𝐫𝐚 𝐝𝐞𝐥𝐢𝐯𝐞𝐫𝐲 ♥️,10 Minutes,"Start : Instant 

Speed : 300K/Day 

Drop : No 

Refill : 365 Days 𝐑𝐄𝐅𝐈𝐋𝐋 ♻️

( No Incomplete Delivery Issues )",,278.025,,0.3,,,,per_item,review,0,,2026-07-16
SMS-0198,1263,1263,💸 Instagram Likes ⭐ Cheapest,𝐈𝐧𝐬𝐭𝐚𝐠𝐫𝐚𝐦 𝐋𝐢𝐤𝐞𝐬 𝐎𝐥𝐝 𝐀𝐜𝐜𝐨𝐮𝐧𝐭𝐬 ( 𝐍𝐨 /  𝐋𝐨𝐰 𝐃𝐫𝐨𝐩 ) 50𝐊/𝐃𝐚𝐲 | 𝐍𝐨 𝐑𝐞𝐟𝐢𝐥𝐥 ⚠️,39 Minutes,"Start : Instant 

Speed : 100K/Day

Drop : No Drop 

Refill :  365 Days 𝐑𝐄𝐅𝐈𝐋𝐋 ♻️",,278.025,,0.3,,,,per_item,review,0,,2026-07-16
SMS-0199,1258,1258,💸 Instagram Likes ⭐ Cheapest,𝐈𝐧𝐬𝐭𝐚𝐠𝐫𝐚𝐦 𝐥𝐢𝐤𝐞𝐬 100% 𝐑𝐞𝐚𝐥 𝐀𝐜𝐜𝐨𝐮𝐧𝐭𝐬 ( 𝐍𝐨𝐧 -𝐃𝐫𝐨𝐩 ) 100𝐊/𝐃𝐚𝐲 | 365 𝐃𝐚𝐲\\𝐬 𝐑𝐄𝐅𝐈𝐋𝐋 ♻️,10 Minutes,"Start : Instant 

Speed : 500K/Day  

Quality : 100% Real Accounts 

Refill : Lifetime Refill ♻️",,278.025,,0.3,,,,per_item,review,0,,2026-07-16
SMS-0200,1262,1262,💸 Instagram Likes ⭐ Cheapest,𝐈𝐧𝐬𝐭𝐚𝐠𝐫𝐚𝐦 𝐋𝐢𝐤𝐞𝐬 𝐎𝐥𝐝 𝐀𝐜𝐜𝐨𝐮𝐧𝐭𝐬 𝐖𝐢𝐭𝐡 𝐏𝐨𝐬𝐭 ( 𝐍𝐨𝐧 -𝐃𝐫𝐨𝐩 ) 100𝐊/𝐃𝐚𝐲 | 𝐋𝐢𝐟𝐞𝐭𝐢𝐦𝐞 𝐑𝐞𝐟𝐢𝐥𝐥 ♻️🚀🚀,16 Minutes,"Start : Instant 

Speed : 150K/Day

Drop : No Drop 

Refill :  Lifetime 𝐑𝐄𝐅𝐈𝐋𝐋 ♻️",,278.025,,0.3,,,,per_item,review,0,,2026-07-16
SMS-0201,1259,1259,💸 Instagram Likes ⭐ Cheapest,𝐈𝐧𝐬𝐭𝐚𝐠𝐫𝐚𝐦 𝐋𝐢𝐤𝐞𝐬 100% 𝐎𝐥𝐝 𝐀𝐜𝐜𝐨𝐮𝐧𝐭𝐬 𝐖𝐢𝐭𝐡 𝐏𝐨𝐬𝐭 ( 𝐍𝐨𝐧 -𝐃𝐫𝐨𝐩 ) 500𝐊/𝐃𝐚𝐲 | 𝐋𝐢𝐟𝐞𝐭𝐢𝐦𝐞 𝐑𝐞𝐟𝐢𝐥𝐥 ♻️ | 𝐎𝐧𝐞 𝐂𝐥𝐢𝐜𝐤 𝐃𝐨𝐧𝐞 ✅,28 Minutes,"Start : Instant 

Speed : 1M/Day

Drop : No Drop 

Refill :  𝐋𝐢𝐟𝐞𝐭𝐢𝐦𝐞 𝐑𝐞𝐟𝐢𝐥𝐥 ♻️",,278.025,,0.3,,,,per_item,review,0,,2026-07-16
SMS-0202,1260,1260,💸 Instagram Likes ⭐ Cheapest,𝐈𝐧𝐬𝐭𝐚𝐠𝐫𝐚𝐦 𝐋𝐢𝐤𝐞𝐬 100% 𝐎𝐥𝐝 𝐀𝐜𝐜𝐨𝐮𝐧𝐭 𝐖𝐢𝐭𝐡 𝐩𝐨𝐬𝐭 ( 𝐍𝐨𝐧 -𝐃𝐫𝐨𝐩 ) 150𝐊/𝐃𝐚𝐲 | 𝐋𝐢𝐟𝐞𝐭𝐢𝐦𝐞 𝐑𝐞𝐟𝐢𝐥𝐥 ♻️ | 𝐈𝐧𝐬𝐭𝐚𝐧𝐭 𝐒𝐭𝐚𝐫𝐭,9 Minutes,,,278.025,,0.3,,,,per_item,review,0,,2026-07-16
SMS-0203,1261,1261,💸 Instagram Likes ⭐ Cheapest,𝐈𝐧𝐬𝐭𝐚𝐠𝐫𝐚𝐦 𝐋𝐢𝐤𝐞𝐬 100% 𝐎𝐥𝐝 + 𝐈𝐧𝐝𝐢𝐚𝐧 🇮🇳 𝐀𝐜𝐜𝐨𝐮𝐧𝐭𝐬 𝐒𝐭𝐨𝐫𝐲 𝐌𝐢𝐱 [ 𝐌𝐚𝐱 5𝐌 ] 1𝐌/𝐃𝐚𝐲 | 𝐎𝐧𝐞 𝐂𝐥𝐢𝐜𝐤 𝐃𝐨𝐧𝐞 ✅ | 𝐀𝐥𝐰𝐚𝐲𝐬 𝐁𝐮𝐥𝐥𝐞𝐭 𝐒𝐩𝐞𝐞𝐝 𝐃𝐞𝐥𝐢𝐯𝐞𝐫𝐲 ( 𝐍𝐞𝐯𝐞𝐫 𝐒𝐭𝐮𝐜𝐤𝐞𝐝 ) | 𝐋𝐢𝐟𝐞𝐭𝐢𝐦𝐞 𝐑𝐞𝐟𝐢𝐥𝐥 ♻️ |,3 Hours 46 Minutes,,,278.025,,0.3,,,,per_item,review,0,,2026-07-16
SMS-0204,142,142,⭐ Instagram Reels Views ⭐ Direct Provider,𝗜𝗻𝘀𝘁𝗮𝗴𝗿𝗮𝗺 𝗥𝗲𝗲𝗹𝘀 𝗩𝗶𝗲𝘄𝘀 | 𝗔𝗹𝗹 𝗟𝗶𝗻𝗸 | 100𝗞/𝗗𝗮𝘆 | 𝗜𝗻𝘀𝘁𝗮𝗻𝘁 🚀,48 Minutes,"Start : Instant 

Speed : 200K/Day 

Drop : No

Refill : No",,278.025,,0.3,,,,per_1000,review,0,,2026-07-16
SMS-0205,529,529,⭐ Instagram Reels Views ⭐ Direct Provider,𝐈𝐧𝐬𝐭𝐚𝐠𝐫𝐚𝐦 𝐑𝐞𝐞𝐥𝐬 𝐕𝐢𝐞𝐰𝐬 𝐄𝐦𝐞𝐫𝐠𝐞𝐧𝐜𝐲 𝐔𝐩𝐝𝐚𝐭𝐞 [ 𝐍𝐨 𝐒𝐭𝐮𝐜𝐤𝐞𝐝 ] 300𝐤/𝐇𝐨𝐮𝐫 | 𝐋𝐢𝐟𝐞𝐭𝐢𝐦𝐞 ♻️,13 Minutes,"Start : Instant 

Speed : 300K/Hour

Drop : No

Refill : 365 Days Refill ♻️",,278.025,,0.3,,,,per_1000,review,0,,2026-07-16
SMS-0206,139,139,⭐ Instagram Reels Views ⭐ Direct Provider,𝐈𝐧𝐬𝐭𝐚𝐠𝐫𝐚𝐦 𝐑𝐞𝐞𝐥𝐬 𝐕𝐢𝐞𝐰𝐬 | 𝐀𝐥𝐥 𝐋𝐢𝐧𝐤 | 𝐔𝐋𝐓𝐑𝐀 𝐅𝐀𝐒𝐓 500𝐊/𝐃𝐚𝐲,3 Hours 8 Minutes,Ultra Fast 🚀🚀,,278.025,,0.3,,,,per_1000,review,0,,2026-07-16
SMS-0207,145,145,⭐ Instagram Reels Views ⭐ Direct Provider,𝗜𝗻𝘀𝘁𝗮𝗴𝗿𝗮𝗺 𝗥𝗲𝗲𝗹𝘀 𝗩𝗶𝗲𝘄𝘀 [ 𝗔𝗹𝗹 𝗟𝗶𝗻𝗸 ] 𝗨𝗹𝘁𝗿𝗮 𝗳𝗮𝘀𝘁 🚀🚀 500𝗞/𝗛𝗼𝘂𝗿 | 𝗢𝗻𝗲 𝗰𝗹𝗶𝗰𝗸 𝗗𝗼𝗻𝗲 ✅,6 Hours 4 Minutes,"Start : Instant 

Speed : 500K/ Per Hour 

Drop : No

Refill : No",,278.025,,0.3,,,,per_1000,review,0,,2026-07-16
SMS-0208,147,147,⭐ Instagram Reels Views ⭐ Direct Provider,𝐈𝐧𝐬𝐭𝐚𝐠𝐫𝐚𝐦 𝐑𝐞𝐞𝐥𝐬 𝐕𝐢𝐞𝐰𝐬 𝐒𝐮𝐩𝐞𝐫𝐟𝐚𝐬𝐭 | 𝐀𝐥𝐥 𝐋𝐢𝐧𝐤  | 𝐃𝐚𝐲 200𝐊 🚀🚀🚀,17 Minutes,,,278.025,,0.3,,,,per_1000,review,0,,2026-07-16
SMS-0209,144,144,⭐ Instagram Reels Views ⭐ Direct Provider,𝗜𝗻𝘀𝘁𝗮𝗴𝗿𝗮𝗺 𝗥𝗲𝗲𝗹𝘀 𝗩𝗶𝗲𝘄𝘀 | 𝗔𝗹𝗹 𝗟𝗶𝗻𝗸 | 100𝗞/𝗗𝗮𝘆 | 𝗜𝗻𝘀𝘁𝗮𝗻𝘁 🚀,6 Hours 25 Minutes,,,278.025,,0.3,,,,per_1000,review,0,,2026-07-16
SMS-0210,1256,1256,💸 Instagram Reels Views ⭐ Cheapest,𝐈𝐧𝐬𝐭𝐚𝐠𝐫𝐚𝐦 𝐑𝐞𝐞𝐥𝐬 𝐕𝐢𝐞𝐰𝐬 𝐔𝐋𝐓𝐑𝐀 𝐅𝐀𝐒𝐓 500𝐊/𝐃𝐚𝐲 | 𝐎𝐧𝐞 𝐂𝐥𝐢𝐜𝐤 𝐃𝐨𝐧𝐞 ✅,3 Hours 56 Minutes,"Start : Instant 

Speed : 500K/Day 

Drop : No Drop 

Refill : No Refill ⚠️",,278.025,,0.3,,,,per_1000,review,0,,2026-07-16
SMS-0211,1255,1255,💸 Instagram Reels Views ⭐ Cheapest,𝐈𝐧𝐬𝐭𝐚𝐠𝐫𝐚𝐦 𝐑𝐞𝐞𝐥𝐬 𝐕𝐢𝐞𝐰𝐬 𝐔𝐋𝐓𝐑𝐀 𝐂𝐇𝐄𝐀𝐏 ( 𝐍𝐨𝐧 -𝐃𝐫𝐨𝐩 ) 500𝐊/𝐃𝐚𝐲 |𝐈𝐧𝐬𝐭𝐚𝐧𝐭 𝐒𝐭𝐚𝐫𝐭,12 Minutes,"Start : Instant 

Speed : 1M/Day

Drop : No 

Refill : Lifetime ♻️",,278.025,,0.3,,,,per_1000,review,0,,2026-07-16
SMS-0212,1354,1354,💸 Instagram Reels Views ⭐ Cheapest,𝐈𝐧𝐬𝐭𝐚𝐠𝐫𝐚𝐦 𝐑𝐞𝐞𝐥𝐬 𝐕𝐢𝐞𝐰𝐬 [ 𝐍𝐨𝐧-𝐃𝐫𝐨𝐩 ] 𝐔𝐋𝐓𝐑𝐀 𝐅𝐀𝐒𝐓 1𝐌/𝐃𝐚𝐲 | 𝐋𝐢𝐟𝐞𝐭𝐢𝐦𝐞 ♻️🚀🚀🚀🚀🚀 ( 𝐂𝐚𝐧𝐜𝐞𝐥 𝐄𝐧𝐚𝐛𝐥𝐞 ),18 Hours 36 Minutes,"Start : Instant 

Speed : 250K/Day 

Drop : No Drop 

Refill : No Refill ⚠️",,278.025,,0.3,,,,per_1000,review,0,,2026-07-16
SMS-0213,1254,1254,💸 Instagram Reels Views ⭐ Cheapest,𝐈𝐧𝐬𝐭𝐚𝐠𝐫𝐚𝐦 𝐑𝐞𝐞𝐥𝐬 𝐕𝐢𝐞𝐰𝐬 𝐔𝐋𝐓𝐑𝐀 𝐂𝐇𝐄𝐀𝐏 ( 𝐍𝐨𝐧 -𝐃𝐫𝐨𝐩 ) 250𝐊/𝐃𝐚𝐲 |𝐈𝐧𝐬𝐭𝐚𝐧𝐭 𝐒𝐭𝐚𝐫𝐭,37 Minutes,"Start : One Click 📈

Speed : Bullet Speed 🚀🚀🚀🚀🚀

Drop : 0%

Refill : Lifetime Refill ♻️",,278.025,,0.3,,,,per_1000,review,0,,2026-07-16
SMS-0214,1253,1253,💸 Instagram Reels Views ⭐ Cheapest,𝐈𝐧𝐬𝐭𝐚𝐠𝐫𝐚𝐦 𝐑𝐞𝐞𝐥𝐬 𝐕𝐢𝐞𝐰𝐬 𝐃𝐢𝐟𝐟𝐞𝐫𝐞𝐧𝐭 𝐒𝐞𝐫𝐯𝐞𝐫 📈 ( 100% 𝐍𝐨𝐧 -𝐃𝐫𝐨𝐩 ) 𝐒𝐮𝐩𝐞𝐫𝐟𝐚𝐬𝐭 𝐏𝐫𝐨𝐯𝐢𝐝𝐞𝐫 10𝐌+ 𝐏𝐞𝐫 𝐇𝐨𝐮𝐫  |  𝐄𝐦𝐞𝐫𝐠𝐞𝐧𝐜𝐲 𝐒𝐞𝐫𝐯𝐢𝐜𝐞𝐬 | 𝐀𝐥𝐰𝐚𝐲𝐬 𝐎𝐧𝐞 𝐂𝐥𝐢𝐜𝐤 𝐃𝐨𝐧𝐞 ✅ | 𝐀𝐥𝐰𝐚𝐲𝐬 𝐈𝐧𝐬𝐭𝐚𝐧𝐭 𝐒𝐭𝐚𝐫𝐭,10 Minutes,,,278.025,,0.3,,,,per_1000,review,0,,2026-07-16
SMS-0215,1355,1355,💸 Instagram Reels Views ⭐ Cheapest,𝐈𝐧𝐬𝐭𝐚𝐠𝐫𝐚𝐦 𝐑𝐞𝐞𝐥𝐬 𝐕𝐢𝐞𝐰𝐬 𝐃𝐢𝐟𝐟𝐞𝐫𝐞𝐧𝐭 𝐒𝐞𝐫𝐯𝐞𝐫 📈 ( 100% 𝐍𝐨𝐧 -𝐃𝐫𝐨𝐩 ) 𝐒𝐮𝐩𝐞𝐫𝐟𝐚𝐬𝐭 𝐏𝐫𝐨𝐯𝐢𝐝𝐞𝐫 10𝐌+ 𝐏𝐞𝐫 𝐇𝐨𝐮𝐫  |  𝐄𝐦𝐞𝐫𝐠𝐞𝐧𝐜𝐲 𝐒𝐞𝐫𝐯𝐢𝐜𝐞𝐬 | 𝐀𝐥𝐰𝐚𝐲𝐬 𝐎𝐧𝐞 𝐂𝐥𝐢𝐜𝐤 𝐃𝐨𝐧𝐞 ✅ | 𝐀𝐥𝐰𝐚𝐲𝐬 𝐈𝐧𝐬𝐭𝐚𝐧𝐭 𝐒𝐭𝐚𝐫𝐭 🚀🚀🚀🚀🚀🚀,1 Hour 33 Minutes,,,278.025,,0.3,,,,per_1000,review,0,,2026-07-16
SMS-0216,167,167,📈 Instagram Impressions ⭐ Premium,𝐈𝐧𝐬𝐭𝐚𝐠𝐫𝐚𝐦  𝐒𝐡𝐚𝐫𝐞𝐬 [ 𝐍𝐨𝐧~𝐃𝐫𝐨𝐩 ]  100𝐤/200𝐤 𝐝𝐚𝐲 | 𝐍𝐨~𝐑𝐞𝐟𝐢𝐥𝐥 ⚡,3 Hours 0 Minutes,Enter post / Reels Link,,278.025,,0.3,,,,per_1000,review,0,,2026-07-16
SMS-0217,165,165,📈 Instagram Impressions ⭐ Premium,𝐈𝐧𝐬𝐭𝐚𝐠𝐫𝐚𝐦 𝐑𝐞𝐚𝐜𝐡 [ 𝐍𝐨~𝐃𝐫𝐨𝐩 ] 100𝐤 𝐝𝐚𝐲𝐬  | 𝐍𝐨~𝐑𝐞𝐟𝐢𝐥𝐥 ⚡,1 Hour 29 Minutes,Enter post / Reels Link,,278.025,,0.3,,,,per_1000,review,0,,2026-07-16
SMS-0218,166,166,📈 Instagram Impressions ⭐ Premium,𝐈𝐧𝐬𝐭𝐚𝐠𝐫𝐚𝐦 𝐑𝐞𝐚𝐜𝐡+ 𝐈𝐦𝐩𝐫𝐞𝐬𝐬𝐢𝐨𝐧 [ 𝐍𝐨𝐧~𝐃𝐫𝐨𝐩 ] 100% 𝐈𝐧𝐬𝐭𝐚𝐧𝐭 𝐃𝐞𝐥𝐢𝐯𝐞𝐫𝐞𝐝 🚀🚀🚀🚀🚀,25 Minutes,,,278.025,,0.3,,,,per_1000,review,0,,2026-07-16
SMS-0219,164,164,📈 Instagram Impressions ⭐ Premium,𝐈𝐧𝐬𝐭𝐚𝐠𝐫𝐚𝐦 𝐑𝐞𝐚𝐜𝐡+𝐈𝐦𝐩𝐫𝐞𝐬𝐬𝐢𝐨𝐧𝐬 𝐏𝐫𝐨𝐟𝐢𝐥𝐞 𝐕𝐢𝐬𝐢𝐭 [ 𝐇𝐢𝐠𝐡 𝐐𝐮𝐚𝐥𝐢𝐭𝐲 ] 𝐒𝐮𝐩𝐞𝐫𝐟𝐚𝐬𝐭 𝐏𝐫𝐨𝐯𝐢𝐝𝐞𝐫 ⚡ [ 𝐖𝐨𝐫𝐤𝐢𝐧𝐠 𝐔𝐩𝐝𝐚𝐭𝐞 ] 🥇,14 Minutes,,,278.025,,0.3,,,,per_1000,review,0,,2026-07-16
SMS-0220,163,163,📈 Instagram Impressions and Reach ⭐ Premium,𝐈𝐧𝐬𝐭𝐚𝐠𝐫𝐚𝐦 𝐑𝐞𝐚𝐜𝐡 + 𝐈𝐦𝐩𝐫𝐞𝐬𝐬𝐢𝐨𝐧𝐬 [ 𝐍𝐨 - 𝐃𝐫𝐨𝐩 | 100% 𝐃𝐞𝐥𝐢𝐯𝐞𝐫𝐲 🔥,2 Hours 12 Minutes,"Start : Instant 

Speed : 100k days 

Refill : No 

Drop : No 

100% Delivery guarantee 🔥",,278.025,,0.3,,,,per_1000,review,0,,2026-07-16
SMS-0221,966,966,💯 Instagram Comments ⭐ Non-Drop,𝐈𝐧𝐬𝐭𝐚𝐠𝐫𝐚𝐦 𝐂𝐨𝐦𝐦𝐞𝐧𝐭𝐬 𝐑𝐚𝐧𝐝𝐨𝐦 [ 𝐍𝐨𝐧-𝐃𝐫𝐨𝐩 ]  𝐅𝐚𝐬𝐭 𝐒𝐭𝐚𝐫𝐭 10𝐊/𝐃𝐚𝐲 | 30 𝐃𝐚𝐲𝐬 𝐑𝐞𝐟𝐢𝐥𝐥 ♻️🚀🚀🚀,42 Minutes,,,278.025,,0.3,,,,per_1000,review,0,,2026-07-16
SMS-0222,1395,1395,Youtube → Subscribers⭐  [ No Refill ],Youtube Bot Subscribers 💥 [ Fast ]  All Drop | Instantly Start ⚡,14 Minutes,"Start - 0-1hrs

Speed - 10K-20K / day

Quality - Bot

Drop - 80-100%

Refill - No

Link - YouTube Channel URL

Note -

➜ Can drop all during delivery no support in any case

➜ No Cancellation Support

➜ Instant Start working good speed now 
No Refund and no Gaurtnee",,278.025,,0.3,,,,per_1000,review,0,,2026-07-16
SMS-0223,1396,1396,Youtube → Subscribers⭐  [ No Refill ],Youtube Subscribers ⚡ [ Always Working ] [Cheapest in Market 🎉 ]   Channel Link Use | Speed 10k /D | ] No Warranty ⚠️ | Start Time 0-1 Hours  𝗡𝗲𝘄 𝗨𝗽𝗱𝗮𝘁𝗲𝗱,2 Hours 54 Minutes,"Start in - 0 -30 Minutes Normally

Speed After Start - 10K/Day

Quality - Bots

Drop - High

Refill - No

🔗Link - Channel Link

➕Addition Information
📊Service Grade - C Grade
➡️Speed Up Not Possible
➡️No Support Available
➡️No Refill or Refund In any Case",,278.025,,0.3,,,,per_1000,review,0,,2026-07-16
SMS-0224,1397,1397,Youtube → Subscribers⭐  [ No Refill ],Youtube Subscribers ⚡ 𝗡𝗲𝘄 𝗨𝗽𝗱𝗮𝘁𝗲𝗱 [ Channel Link Use | Speed 10k| ] No Warranty ⚠️ | Start Time 0-30 Minutes,New Service,"𝗡𝗲𝘄 𝗨𝗽𝗱𝗮𝘁𝗲𝗱
- Link: Youtube Channel Link
- Location: Global
- Quality: Low Quality Accounts
- Start Time: 0-10 Minutes
- Service Speed: Day 100K
- Drop : May be All Drop
- Refill Time: No Warranty ⚠️
- High Amounts of Decreases May Occur

Notes:
- When the service is busy, the starting speed of the process changes.
- Do not place the second order on the same link before your order is completed in the system.
- In case of any problems with the service, please contact support.",,278.025,,0.3,,,,per_item,review,0,,2026-07-16
SMS-0225,1370,1370,Youtube → Subscribers⭐ [ Non–Drop ],YouTube Subscribers ➜ 𝗖𝗵𝗲𝗮𝗽𝗲𝘀𝘁 𝗜𝗻 𝗧𝗵𝗲 𝗪𝗼𝗿𝗹𝗱 🌎 [ Speed 70-80/Day] [ Lifetimes Guaranteed ♻️ ] [ Non Drop ] Start Time 0-12 Hours,74 Hours 50 Minutes,"➜ 𝗖𝗵𝗲𝗮𝗽𝗲𝘀𝘁 𝗜𝗻 𝗧𝗵𝗲 𝗪𝗼𝗿𝗹𝗱 🌎

Use Fresh New Channel For order 


Start - 0-6 Hours 

Speed - 70-80 / day

Quality - HQ

Drop - No

Refill - Lifetimes Guarantees ♻️ 

Link - YouTube Channel URL

Note -
➜ Channel Must be have 3-5 Long videos

- When the service is busy, the starting speed of the process changes.
- Do not place the second order on the same link before your order is completed in the system.
- In case of any problems with the service, please contact support.",,278.025,,0.3,,,,per_1000,review,0,,2026-07-16
SMS-0226,1367,1367,Youtube → Subscribers⭐ [ Non–Drop ],YouTube Subscribe | Non–Drop | Speed 50+ / DAY | Start Time 0–12 Hours | 𝐋𝐢𝐟𝐞𝐭𝐢𝐦𝐞 𝐑𝐞𝐟𝐢𝐥𝐥 | ✅🔥,New Service,"⏳ Start Time: 0 – 12 Hours
🛡 Non–Drop Subscribers  
⚡ Speed: 50+ / DAY  
✅️ Refill: Yes Lifetime Refill  

🔗 Link: Channel link  

🔥 You will get subscribers along with views, likes, and 2+ minutes watch time per subscriber.

⚠️ Channel must have 3+ videos (3+ mins each), otherwise order will not start.

⚠️ If your channel doesn’t have at least two videos of 3–5 minutes each, no support of any kind will be provided.",,278.025,,0.3,,,,per_1000,review,0,,2026-07-16
SMS-0227,1365,1365,Youtube → Subscribers⭐ [ Non–Drop ],YouTube Subscribe | Non–Drop | Speed 100+ / DAY | Start Time 0–1 Hour | 𝐋𝐢𝐟𝐞𝐭𝐢𝐦𝐞 𝐑𝐞𝐟𝐢𝐥𝐥 | ✅🔥⚡️,New Service,"⏳ Start Time: 0 – 2 Hours
🛡 Non–Drop Subscribers  
⚡ Speed: 100+ / DAY  
✅️ Refill: Yes Lifetime Refill  

🔗 Link: Channel link  

⚠️ Channel must have 3+ videos (3+ mins each), otherwise order will not start.

⚠️ If your channel doesn’t have at least two videos of 3–5 minutes each, no support of any kind will be provided.",,278.025,,0.3,,,,per_1000,review,0,,2026-07-16
SMS-0228,1369,1369,Youtube → Subscribers⭐ [ Non–Drop ],YouTube Subscribers ⭐ | 𝐁𝐞𝐬𝐭 𝐟𝐨𝐫 𝐀𝐏𝐈 𝐚𝐧𝐝 𝐑𝐞𝐬𝐞𝐥𝐥𝐞𝐫𝐬 🔥 [ 𝐍𝐨𝐧 𝐝𝐫𝐨𝐩 ] Speed : 50-80/per Days  | High Quality | Lifetime Guaranteed ♻️ | Start Time 0-12Hours ⏳,New Service,"Start - 0-12 hours 

Speed - 50-80/ day

Quality - HQ

Drop - No

Refill - Lifetimes Guarantees ♻️ 

Link - YouTube Channel URL

Note -

➜ Refill button and fast start

➜ There must be 1 video of 3 min + to run this service",,278.025,,0.3,,,,per_1000,review,0,,2026-07-16
SMS-0229,1368,1368,Youtube → Subscribers⭐ [ Non–Drop ],YouTube Subscribers ➜ 𝗕𝗲𝘀𝘁 𝗥𝗮𝘁𝗲 𝗶𝗻 𝗠𝗮𝗿𝗸𝗲𝘁 | Approx. 200 - 300 /Day| [ High Qualities ][ 30 Days Guarantee ♻️ ] Start Time 0-6 Hours,New Service,,,278.025,,0.3,,,,per_1000,review,0,,2026-07-16
SMS-0230,1366,1366,Youtube → Subscribers⭐ [ Non–Drop ],YouTube Subscribe | Non–Drop | Speed 1500+ / DAY | Start Time 0–1 Hour | 𝐋𝐢𝐟𝐞𝐭𝐢𝐦𝐞 𝐑𝐞𝐟𝐢𝐥𝐥 | ✅🔥⚡️,New Service,,,278.025,,0.3,,,,per_1000,review,0,,2026-07-16
SMS-0231,1376,1376,Youtube → Subscribers⭐  [100% NON DROP ],YouTube Subscribers [Speed  100/Day] [Refill: lifetime] [ Non Drop ] [Start Time: 0-1 Hour],29 Hours 25 Minutes,"Self Services 
Speed and start Time can changed with time
Less dropping 
28 Non drop test Completed 
Refill or Cancel Anytime",,278.025,,0.3,,,,per_1000,review,0,,2026-07-16
SMS-0232,1374,1374,Youtube → Subscribers⭐  [100% NON DROP ],YouTube Subscribers [Speed  2000/Day] [Refill: lifetime] [ Non Drop ] [Start Time: 0-1 Hour],New Service,"Self Services 
Speed and start Time can changed with time
Less dropping 
28 Non drop test Completed but low Quality service 
Refill or Cancel Anytime",,278.025,,0.3,,,,per_1000,review,0,,2026-07-16
SMS-0233,1375,1375,Youtube → Subscribers⭐  [100% NON DROP ],YouTube Subscribers [Speed  20k/Day] [Refill: lifetime] [ Non Drop ] [Start Time: 0-1 Hour],New Service,"Self Services 
Speed and start Time can changed with time
Less dropping 
28 Non drop test Completed but low Quality service 
Refill or Cancel Anytime",,278.025,,0.3,,,,per_1000,review,0,,2026-07-16
SMS-0234,1373,1373,Youtube → Subscribers⭐  [100% NON DROP ],YouTube Subscribers [Speed  10k/Day] [Refill: lifetime] [ Non Drop ] [Start Time: 0-1 Hour],New Service,"Self Services 
28 Non drop test Completed
Refill or Cancel Anytime",,278.025,,0.3,,,,per_1000,review,0,,2026-07-16
SMS-0235,1372,1372,Youtube → Subscribers⭐  [100% NON DROP ],YouTube Subscribers [Speed  200/Day] [Refill: lifetime] [ Non Drop ] [Start Time: 0-1 Hour],New Service,,,278.025,,0.3,,,,per_1000,review,0,,2026-07-16
SMS-0236,1371,1371,Youtube → Subscribers⭐  [100% NON DROP ],YouTube Subscribers [Speed 200-500/Day] [Refill: lifetime] [ Non Drop ] [Start Time: 0-1 Hour],New Service,,,278.025,,0.3,,,,per_1000,review,0,,2026-07-16
SMS-0237,448,448,YouTube | 𝗦𝘂𝗴𝗴𝗲𝘀𝘁𝗲𝗱 𝗩𝗶𝗲𝘄𝘀,Youtube Views 🚀 - 𝐒𝐮𝐠𝐠𝐞𝐬𝐭𝐞𝐝 | Lifetime ♻️ [ 1K -5k/ day ] NON DROP | Start Time 0-60 Minutes 🚀,7 Hours 4 Minutes,"Start - 0-1 hrs

Speed -1k-5k / day

Quality - HQ

Drop - No

Refill - Lifetime

Link - YT Video URL

Note -
⚠️NOTE: No 18+, no live
- Analytics: https://imgur.com/a/aNE1BtK
➜ High Quality views best for small orders upto 10K

➜ Service works smoothly without any delays in speed and start time

➜ Manual Cancel Support",,278.025,,0.3,,,,per_1000,review,0,,2026-07-16
SMS-0238,231,231,𝐘𝐨𝐮𝐭𝐮𝐛𝐞 » Views + Likes,YouTube 100% Views   5% Likes  [Refill: Lifetime] [Drop- No] [Quality : High ] [Speed: 3000-5000/Day] [Start Time. 0-1 Hour],29 Hours 3 Minutes,Use YouTube Video Link During order,,278.025,,0.3,,,,per_1000,review,0,,2026-07-16
SMS-0239,232,232,𝐘𝐨𝐮𝐭𝐮𝐛𝐞 » Views + Likes,YouTube 100% Views   10% Likes  [Refill: Lifetime] [Drop- No] [Quality : High ] [Speed: 3000-5000/Day] [Start Time. 0-1 Hour],100 Hours 57 Minutes,Use YouTube Video Link During order,,278.025,,0.3,,,,per_1000,review,0,,2026-07-16
SMS-0240,234,234,𝐘𝐨𝐮𝐭𝐮𝐛𝐞 » Views + Likes,YouTube 100% Views   25% Likes  [Refill: Lifetime] [Drop- No] [Quality : High ] [Speed: 3000-5000/Day] [Start Time. 0-1 Hour],12 Hours 21 Minutes,Use YouTube Video Link During order,,278.025,,0.3,,,,per_1000,review,0,,2026-07-16
SMS-0241,235,235,𝐘𝐨𝐮𝐭𝐮𝐛𝐞 » Views + Likes,YouTube 100% Views   50% Likes  [Refill: Lifetime] [Drop- No] [Quality : High ] [Speed: 3000-5000/Day] [Start Time. 0-1 Hour],New Service,Use YouTube Video Link During order,,278.025,,0.3,,,,per_1000,review,0,,2026-07-16
SMS-0242,236,236,𝐘𝐨𝐮𝐭𝐮𝐛𝐞 » Views + Likes,YouTube 100% Views   100% Likes  [Refill: Lifetime] [Drop- No] [Quality : High ] [Speed: 3000-5000/Day] [Start Time. 0-1 Hour],20 Hours 22 Minutes,,,278.025,,0.3,,,,per_1000,review,0,,2026-07-16
SMS-0243,228,228,𝐘𝐨𝐮𝐭𝐮𝐛𝐞 » Ranking Views,YouTube Video Views Promotion - [ 100% Real Users ] [ Ranking Views ] [ Good For Channel Ranking ],56 Hours 1 Minute,"⌛ Start Time: 12-24 Hours
⚡Speed: 2000-3000/D
⌚ Retention: Random
-------------------------------------------------------
-------------------------------------------------------
~~~ Quality ~~~
1.) 100% Organic
-------------------------------------------------------
💧 Drip-Feed: Disabled❌
🌎Target Country: Worldwide
-------------------------------------------------------
Link Type: Video Link
-------------------------------------------------------
~ 100% Real and Unique Users
~ Video is introduced with 100% real Users related to your content
~ Depending upon your content, video is likely to get higher engagements.
~ You can get 15-50% likes
~ & 5-10% Subscriptions.
~ However, we can\t restrict users for engagements. It depends upon your content type.",,278.025,,0.3,,,,per_1000,review,0,,2026-07-16
SMS-0244,229,229,𝐘𝐨𝐮𝐭𝐮𝐛𝐞 » Ranking Views,YouTube Views ( ORGANIC ) - [ Speed: 1k-2K/Day ] [ Monetizable | 100% Active Human ] [ Lifetime ] [ READ DESCRIPTION ],17 Hours 51 Minutes,"✔ Special Service
✔ Monetizable Views
✔ 100% Real Human YouTube Viewers!
✔ SERVICE WORKING FOR THE LAST 3 YEARS
✔ COMPLEMENTARY - Like, Dislike, and Subs Will come

-------------------------------------------------------
⌛ Start Time: 0-6 Hour
⚡Speed: 1K-2K Per Day
-------------------------------------------------------
♻ Guarantee: Lifetime ( Minor Drop )
♻ Refill: Lifetime Refill
-------------------------------------------------------
~~~ Quality ~~~
1.) Retention: 0-6 Minutes ( But retention is not guaranteed, It\s complementary but not mandatory, It is Real visitor\s views so depends on users )
2.) 100% Real Human YouTube Viewers!
3.) Best Quality
-------------------------------------------------------
🌎 Target Country: World Wide
🚦Traffic Sources: External - Mixed
-------------------------------------------------------
- Link Type: Video Link
-------------------------------------------------------
Strictly Read:~
- Mostly Direct and social media sources.
- Short videos support!
- World-Wide Views Added in a NON-STOP Natural Pattern
- Must be Unrestricted & Open for ALL countries
- Video Musn’t be Secret or Unlisted
- Livestream videos don\t accept, so if the order is completed no refill or refund.
- Retention can change with the update, so we don\t give a retention guarantee
- Embed Must be Open
• OK for VEVO
- Copy-right content will not work
-------------------------------------------------------
NOTE:~ 1
No refills or refunds If videos that have access restrictions or copyright.
If the video will no longer send all the quantities, then no refill and no refund.

NOTE:~ 2
Retention depends on the video duration and YouTube updates. So we don\t give a retention guarantee. But current features are current average values.
If YouTube made an update, this is an unintended problem. We cannot refund you in this case.

NOTE:~ 3
- After completion of the below from start count, no refill or refund.
- Overdelivery Guaranteed ( Refill only for order\s amount. Extra delivery has no refill or refund)",,278.025,,0.3,,,,per_1000,review,0,,2026-07-16
SMS-0245,230,230,𝐘𝐨𝐮𝐭𝐮𝐛𝐞 » Views [ Adsense Earnings ],Youtube Earning Views [𝐑𝐞𝐚𝐥 𝐓𝐫𝐚𝐟𝐟𝐢𝐜] [Refill: LifeTime ] [Speed: 10000+/Day] [Start Time: 1 Hour],6 Hours 8 Minutes,"🔥 This is Views Service + YouTube Monetization Earning Views
Buyer Will Make Money From Views ( But we will Not Guarantee How Much ) 🔥

YouTube monetization Earning Views in Lowest Rate
( If Buyer Will Not Earn Any Money, They will Not Get Any Refund. We Give Views Guarantee Not Earning Guarantee )

100% Safe Method

Earning Can Be Stop Any Time Without Any Notice.
Youtube Can Bring Update Any Time.",,278.025,,0.3,,,,per_1000,review,0,,2026-07-16
SMS-0246,240,240,𝐘𝐨𝐮𝐭𝐮𝐛𝐞 » Views [ Lifetime Refill ],YouTube Views ⭐ [𝐄𝐱𝐜𝐥𝐮𝐬𝐢𝐯𝐞] [Speed: 500+Day] [Non Drop] [ 𝐋𝐢𝐟𝐞𝐭𝐢𝐦𝐞 𝐆𝐮𝐫𝐚𝐧𝐭𝐞𝐝♻️] [Start Time: 0-1hrs] [𝐎𝐰𝐧 𝐒𝐞𝐫𝐯𝐞𝐫🌟],5 Hours 26 Minutes,"⭐ Exclusive Service 🔥
-------------------------------------------------------
⏱️ Start: 0-90 min ( sometimes starts delay 0-12 hrs )
⚡Speed: 500 Day
🔴 No Drop issue found in case of drop we refill
-------------------------------------------------------
- Source: External
- Random Retention
-------------------------------------------------------
🌎 Target Country: https://skr.sh/sH1pr6kGBgf
-------------------------------------------------------
♻️ Guarantee: Non-Drop
♻️ Refill: LifeTime Refill
♻️ Drop: NON DROP
-------------------------------------------------------
🎈 We Provide Very Good Support On It, Most Recommended Service",,278.025,,0.3,,,,per_1000,review,0,,2026-07-16
SMS-0247,237,237,𝐘𝐨𝐮𝐭𝐮𝐛𝐞 » Views [ Lifetime Refill ],YouTube Views ⭐ [𝐄𝐱𝐜𝐥𝐮𝐬𝐢𝐯𝐞] [Speed: 5000Day] [Non Drop] [ 𝐋𝐢𝐟𝐞𝐭𝐢𝐦𝐞 𝐆𝐮𝐫𝐚𝐧𝐭𝐞𝐝♻️] [Start Time: 0-1hrs] [𝐎𝐰𝐧 𝐒𝐞𝐫𝐯𝐞𝐫🌟],11 Hours 57 Minutes,"⭐ Exclusive Service 🔥
-------------------------------------------------------
⏱️ Start: 0-90 min ( sometimes starts delay 0-12 hrs )
⚡Speed: 5000 Day
🔴 No Drop issue found in case of drop we refill
-------------------------------------------------------
- Source: External
- Random Retention
-------------------------------------------------------
🌎 Target Country: https://skr.sh/sH1pr6kGBgf
-------------------------------------------------------
♻️ Guarantee: Non-Drop
♻️ Refill: LifeTime Refill
♻️ Drop: NON DROP
-------------------------------------------------------
🎈 We Provide Very Good Support On It, Most Recommended Service",,278.025,,0.3,,,,per_1000,review,0,,2026-07-16
SMS-0248,242,242,𝐘𝐨𝐮𝐭𝐮𝐛𝐞 » Views [ Lifetime Refill ],YouTube Views ⭐ [𝐄𝐱𝐜𝐥𝐮𝐬𝐢𝐯𝐞] [Speed: 7000Day] [Non Drop] [ 𝐋𝐢𝐟𝐞𝐭𝐢𝐦𝐞 𝐆𝐮𝐫𝐚𝐧𝐭𝐞𝐝♻️] [Start Time: 0-1hrs] [𝐎𝐰𝐧 𝐒𝐞𝐫𝐯𝐞𝐫🌟],30 Hours 46 Minutes,"⭐ Exclusive Service 🔥
-------------------------------------------------------
⏱️ Start: 0-90 min ( sometimes starts delay 0-12 hrs )
⚡Speed: 7000 Day
🔴 No Drop issue found in case of drop we refill
-------------------------------------------------------
- Source: External
- Random Retention
-------------------------------------------------------
🌎 Target Country: https://skr.sh/sH1pr6kGBgf
-------------------------------------------------------
♻️ Guarantee: Non-Drop
♻️ Refill: LifeTime Refill
♻️ Drop: NON DROP
-------------------------------------------------------
🎈 We Provide Very Good Support On It, Most Recommended Service",,278.025,,0.3,,,,per_1000,review,0,,2026-07-16
SMS-0249,238,238,𝐘𝐨𝐮𝐭𝐮𝐛𝐞 » Views [ Lifetime Refill ],YouTube Views ⭐ [𝐄𝐱𝐜𝐥𝐮𝐬𝐢𝐯𝐞] [Speed: 8000-10000Day] [Non Drop] [ 𝐋𝐢𝐟𝐞𝐭𝐢𝐦𝐞 𝐆𝐮𝐫𝐚𝐧𝐭𝐞𝐝♻️] [Start Time: 0-1hrs] [𝐎𝐰𝐧 𝐒𝐞𝐫𝐯𝐞𝐫🌟],48 Minutes,"⭐ Exclusive Service 🔥
-------------------------------------------------------
⏱️ Start: 0-90 min ( sometimes starts delay 0-12 hrs )
⚡Speed: 10000 Day
🔴 No Drop issue found in case of drop we refill
-------------------------------------------------------
- Source: External
- Random Retention
-------------------------------------------------------
🌎 Target Country: https://skr.sh/sH1pr6kGBgf
-------------------------------------------------------
♻️ Guarantee: Non-Drop
♻️ Refill: LifeTime Refill
♻️ Drop: NON DROP
-------------------------------------------------------
🎈 We Provide Very Good Support On It, Most Recommended Service",,278.025,,0.3,,,,per_1000,review,0,,2026-07-16
SMS-0250,239,239,𝐘𝐨𝐮𝐭𝐮𝐛𝐞 » Views [ Lifetime Refill ],YouTube Views ⭐ [𝐄𝐱𝐜𝐥𝐮𝐬𝐢𝐯𝐞] [Speed: 15000Day] [Non Drop] [ 𝐋𝐢𝐟𝐞𝐭𝐢𝐦𝐞 𝐆𝐮𝐫𝐚𝐧𝐭𝐞𝐝♻️] [Start Time: 0-1hrs] [𝐎𝐰𝐧 𝐒𝐞𝐫𝐯𝐞𝐫🌟],24 Hours 29 Minutes,,,278.025,,0.3,,,,per_1000,review,0,,2026-07-16
SMS-0251,258,258,𝐘𝐨𝐮𝐭𝐮𝐛𝐞 » Views [ Shorts ],YouTube Short Views ⭐ [𝐄𝐱𝐜𝐥𝐮𝐬𝐢𝐯𝐞] [Speed: 300Day] [Non Drop] [ 𝐋𝐢𝐟𝐞𝐭𝐢𝐦𝐞 𝐆𝐮𝐫𝐚𝐧𝐭𝐞𝐝♻️] [Start Time: 0-1hrs] [𝐎𝐰𝐧 𝐒𝐞𝐫𝐯𝐞𝐫🌟],2 Hours 43 Minutes,[ Short or Long  both video],,278.025,,0.3,,,,per_1000,review,0,,2026-07-16
SMS-0252,259,259,𝐘𝐨𝐮𝐭𝐮𝐛𝐞 » Views [ Shorts ],YouTube Views ⭐ [𝐄𝐱𝐜𝐥𝐮𝐬𝐢𝐯𝐞] [Speed: 500Day] [Non Drop] [ 𝐋𝐢𝐟𝐞𝐭𝐢𝐦𝐞 𝐆𝐮𝐫𝐚𝐧𝐭𝐞𝐝♻️] [Start Time: 0-1hrs] [𝐎𝐰𝐧 𝐒𝐞𝐫𝐯𝐞𝐫🌟],3 Hours 40 Minutes,,,278.025,,0.3,,,,per_1000,review,0,,2026-07-16
SMS-0253,260,260,𝐘𝐨𝐮𝐭𝐮𝐛𝐞 » Likes [ Shorts ],YouTube Short Likes ⭐ [𝐄𝐱𝐜𝐥𝐮𝐬𝐢𝐯𝐞] [Speed: 100k Day] [Non Drop] [ 𝐋𝐢𝐟𝐞𝐭𝐢𝐦𝐞 𝐆𝐮𝐫𝐚𝐧𝐭𝐞𝐝♻️] [Start Time: 0-1hrs] [𝐎𝐰𝐧 𝐒𝐞𝐫𝐯𝐞𝐫🌟],105 Hours 0 Minutes,"🔥YouTube Shorts Likes🔥
---------------------------------------
⌛ Start Time: Instant
⚡ Speed: 100K Per Day (4k-5k/Hour)
----------------------------------------------- ------------------
♻ Guarantee: Lifetime Refill
♻ Drop: No Drop issue found in case of drop we refill
--------------- ----------------------------------------
~~~ Quality ~~~
1.) High Quality
2.) Stable quality",,278.025,,0.3,,,,per_1000,review,0,,2026-07-16
SMS-0254,263,263,𝐘𝐨𝐮𝐭𝐮𝐛𝐞 » Likes [No Refill ],YouTube Likes-[Speed -100K/D]  [Start Time: Instant ],3 Hours 10 Minutes,,,278.025,,0.3,,,,per_1000,review,0,,2026-07-16
SMS-0255,262,262,𝐘𝐨𝐮𝐭𝐮𝐛𝐞 » Likes [No Refill ],YouTube Likes-[Speed -100K/D]  [Start Time: Instant ],17 Minutes,,,278.025,,0.3,,,,per_1000,review,0,,2026-07-16
SMS-0256,267,267,𝐘𝐨𝐮𝐭𝐮𝐛𝐞 » Likes [ Non Drop],YouTube Likes ⭐ [𝐒𝐭𝐚𝐛𝐥𝐞] [Speed: 1000Day] [Non Drop] [ 𝐋𝐢𝐟𝐞𝐭𝐢𝐦𝐞 𝐆𝐮𝐫𝐚𝐧𝐭𝐞𝐝♻️] [Start Time: 0-1hrs] [𝐎𝐰𝐧 𝐒𝐞𝐫𝐯𝐞𝐫🌟],1 Hour 23 Minutes,,,278.025,,0.3,,,,per_1000,review,0,,2026-07-16
SMS-0257,266,266,𝐘𝐨𝐮𝐭𝐮𝐛𝐞 » Likes [ Non Drop],YouTube Likes ⭐ [𝐒𝐭𝐚𝐛𝐥𝐞] [Speed: 5000/10000Day] [Non Drop] [ 𝐋𝐢𝐟𝐞𝐭𝐢𝐦𝐞 𝐆𝐮𝐫𝐚𝐧𝐭𝐞𝐝♻️] [Start Time: 0-1hrs] [𝐎𝐰𝐧 𝐒𝐞𝐫𝐯𝐞𝐫🌟],33 Minutes,,,278.025,,0.3,,,,per_1000,review,0,,2026-07-16
SMS-0258,268,268,𝐘𝐨𝐮𝐭𝐮𝐛𝐞 » Likes [ Non Drop],YouTube Likes ⭐ [𝐒𝐭𝐚𝐛𝐥𝐞] [Speed: 10000Day] [Non Drop] [ 𝐋𝐢𝐟𝐞𝐭𝐢𝐦𝐞 𝐆𝐮𝐫𝐚𝐧𝐭𝐞𝐝♻️] [Start Time: 0-1hrs] [𝐎𝐰𝐧 𝐒𝐞𝐫𝐯𝐞𝐫🌟],23 Hours 31 Minutes,,,278.025,,0.3,,,,per_1000,review,0,,2026-07-16
SMS-0259,269,269,𝐘𝐨𝐮𝐭𝐮𝐛𝐞 » Likes [ Non Drop],YouTube Likes ⭐ [𝐒𝐭𝐚𝐛𝐥𝐞] [Speed: 30000Day] [Non Drop] [ 𝐋𝐢𝐟𝐞𝐭𝐢𝐦𝐞 𝐆𝐮𝐫𝐚𝐧𝐭𝐞𝐝♻️] [Start Time: 0-1hrs] [𝐎𝐰𝐧 𝐒𝐞𝐫𝐯𝐞𝐫🌟],4 Hours 4 Minutes,,,278.025,,0.3,,,,per_1000,review,0,,2026-07-16
SMS-0260,270,270,𝐘𝐨𝐮𝐭𝐮𝐛𝐞 » Comments  [ No Drop],YouTube Custom Comments [Refill:  life Time ] [Drop-No ]  [Speed: 1K/Day][Start Time: 1 Hour],6 Minutes,,,278.025,,0.3,,,,per_1000,review,0,,2026-07-16
SMS-0261,271,271,𝐘𝐨𝐮𝐭𝐮𝐛𝐞 » Comments  [ No Drop],Youtube Custom Comments [Refill: Lifetime ] [Drop-No] [Speed: 3K/Day] [Start Time: 0-1 Hour],New Service,,,278.025,,0.3,,,,per_1000,review,0,,2026-07-16
SMS-0262,811,811,𝐅𝐚𝐜𝐞𝐛𝐨𝐨𝐤 » Followers [ Direct Provider ] ᴺᴱᵂ,Facebook 𝐀𝐥𝐥 𝐓𝐲𝐩𝐞 𝐏𝐫𝐨𝐟𝐢𝐥𝐞/𝐏𝐚𝐠𝐞 Followers | Max 1M | High Quality Accounts | Instant | Non Drop | 90 Days Refill ♻️ | Speed: 100K/Day 🔥,13 Hours 24 Minutes,"- Link: Facebook Profile or Page Link
- Location: Worldwide 🌍
- Start Time: 0-1hrs
- Speed: Day 100K 🚀
- Drop Rate: %0
- Refill Time: 90 Days Refill ♻️

Notes:
- When the service is busy, the starting speed of the process changes.
- Do not place the second order on the same link before your order is completed in the system.
- In case of any problems with the service, please contact support.",,278.025,,0.3,,,,per_item,review,0,,2026-07-16
SMS-0263,812,812,𝐅𝐚𝐜𝐞𝐛𝐨𝐨𝐤 » Followers [ Direct Provider ] ᴺᴱᵂ,Facebook 𝐀𝐥𝐥 𝐓𝐲𝐩𝐞 𝐏𝐫𝐨𝐟𝐢𝐥𝐞/𝐏𝐚𝐠𝐞 Followers | Max 1M | High Quality Accounts | Instant | Non Drop | 365 Days Refill ♻️ | Speed: 100K/Day 🔥,1 Hour 52 Minutes,"- Link: Facebook Profile or Page Link
- Location: Worldwide 🌍
- Start Time: 0-1hrs
- Speed: Day 100K 🚀
- Drop Rate: %0
- Refill Time: 365 Days Refill ♻️

Notes:
- When the service is busy, the starting speed of the process changes.
- Do not place the second order on the same link before your order is completed in the system.
- In case of any problems with the service, please contact support.",,278.025,,0.3,,,,per_item,review,0,,2026-07-16
SMS-0264,555,555,Facebook Post Likes ᴺᴱᵂ,Facebook Post Likes [ Max 500K ] | HQ Real Accounts | Cancel Enable | No Refill ⚠️ | Instant Start | Day 100K 🚀,8 Minutes,,,278.025,,0.3,,,,per_item,review,0,,2026-07-16
SMS-0265,556,556,Facebook Post Likes ᴺᴱᵂ,Facebook Post Likes [ Max 500K ] | HQ Real Accounts | Cancel Enable | 30 Days ♻️ | Instant Start | Day 100K 🚀,8 Minutes,,,278.025,,0.3,,,,per_item,review,0,,2026-07-16
SMS-0266,557,557,Facebook Post Likes ᴺᴱᵂ,Facebook Post Likes [ Max 500K ] | HQ Real Accounts | Cancel Enable | 60 Days ♻️ | Instant Start | Day 100K 🚀,9 Minutes,,,278.025,,0.3,,,,per_item,review,0,,2026-07-16
SMS-0267,558,558,Facebook Post Likes ᴺᴱᵂ,Facebook Post Likes [ Max 500K ] | HQ Real Accounts | Cancel Enable | 90 Days ♻️ | Instant Start | Day 100K 🚀,16 Minutes,,,278.025,,0.3,,,,per_item,review,0,,2026-07-16
SMS-0268,559,559,Facebook Post Likes ᴺᴱᵂ,Facebook Post Likes [ Max 500K ] | HQ Real Accounts | Cancel Enable | 365 Days ♻️ | Instant Start | Day 100K 🚀,6 Minutes,,,278.025,,0.3,,,,per_item,review,0,,2026-07-16
SMS-0269,560,560,Facebook Post Likes ᴺᴱᵂ,Facebook Post Likes [ Max 500K ] | HQ Real Accounts | Cancel Enable | Lifetime ♻️ | Instant Start | Day 100K 🚀,3 Hours 57 Minutes,,,278.025,,0.3,,,,per_item,review,0,,2026-07-16
SMS-0270,295,295,𝐅𝐚𝐜𝐞𝐛𝐨𝐨𝐤 » Page Like + Follwers,Facebook 𝗣𝗮𝗴𝗲 𝗟𝗶𝗸𝗲 + 𝗙𝗼𝗹𝗹𝗼𝘄𝗲𝗿𝘀 | Non Drop | Speed 3000+ Per Day | Start Time 0-2 Hours | N0 Refill,23 Hours 39 Minutes,"- ⏰ Start Time : 0-1 hour

- ⚠️ Sometime start in 6 hours

- 🚅 Speed : 3k/day

- ♻️ Refill Time : N0

- 🔗 Link : 

https://www.facebook.com/username

⚠️ Do not place the second order on the same link before your order is completed in the system",,278.025,,0.3,,,,per_1000,review,0,,2026-07-16
SMS-0271,298,298,𝐅𝐚𝐜𝐞𝐛𝐨𝐨𝐤 » Page Like + Follwers,Facebook 𝗣𝗮𝗴𝗲 𝗟𝗶𝗸𝗲 + 𝗙𝗼𝗹𝗹𝗼𝘄𝗲𝗿𝘀 | Non Drop | Speed 5000+ Per Day | Start Time 0-2 Hours | Refill: 30 Days ♻️,2 Hours 57 Minutes,"- ⏰ Start Time : 0-2 hour

- ⚠️ Sometime start in 6 hours

- 🚅 Speed : 5k/day

- ♻️ Refill Time : Lifetime

- 🔗 Link : 

https://www.facebook.com/username

⚠️ Do not place the second order on the same link before your order is completed in the system",,278.025,,0.3,,,,per_1000,review,0,,2026-07-16
SMS-0272,296,296,𝐅𝐚𝐜𝐞𝐛𝐨𝐨𝐤 » Page Like + Follwers,Facebook Likes + Followers | 💎 Non-Drop | ⚡ Speed: 10K+/Day | ⏱ Fast Start (0– 1 Hrs) | 🛡 Lifetime Guarantee ✅,4 Hours 53 Minutes,"🔥Real Likes + Followers
---------------------------
⌛ Start: 0-2 hours (Usually Instant)  Sometime Delay are possible
⚡ Delivery: 10k Per Day
---------------------------
 Almost NON-Drop
♻ Refill: Lifetime 
---------------------------
💎 Quality: Real & High Quality
---------------------------
💧 Drip-Feed: Disabled❌
🌎Target Country: Worldwide
---------------------------
Note:~ Always Working
►Link Example: https://www.facebook.com/username/
-------------------------------------------------------",,278.025,,0.3,,,,per_1000,review,0,,2026-07-16
SMS-0273,297,297,𝐅𝐚𝐜𝐞𝐛𝐨𝐨𝐤 » Page Like + Follwers,Facebook Likes + Followers | 💎 Non-Drop | ⚡ Speed: 20k+/Day | ⏱ Fast Start (0– 1 Hrs) | 🛡 Lifetime Guarantee ✅,58 Minutes,"🔥Real Likes + Followers
---------------------------
⌛ Start: 0-12 hours { Mostly Starts In 1 Hour )
⚡ Delivery: 10000 Per Day
---------------------------
Almost NON-Drop
♻ Refill: LIfeTime
---------------------------
💎 Quality: Real & High Quality
---------------------------
💧 Drip-Feed: Disabled❌
🌎Target Country: Worldwide
---------------------------
Note:~ Always Working
►Link Example: https://www.facebook.com/username/
-------------------------------------------------------",,278.025,,0.3,,,,per_1000,review,0,,2026-07-16
SMS-0274,305,305,𝐅𝐚𝐜𝐞𝐛𝐨𝐨𝐤 » 𝗣𝗼𝘀𝘁 Reaction [ Global ] ᴺᴱᵂ,Facebook - Reaction | Angry 😡| Max 100k | 50K/day | INSTANT,New Service,,,278.025,,0.3,,,,per_1000,review,0,,2026-07-16
SMS-0275,301,301,𝐅𝐚𝐜𝐞𝐛𝐨𝐨𝐤 » 𝗣𝗼𝘀𝘁 Reaction [ Global ] ᴺᴱᵂ,Facebook - Reaction | Care 🤗| Max 100k | 50K/day | INSTANT,7 Minutes,,,278.025,,0.3,,,,per_1000,review,0,,2026-07-16
SMS-0276,303,303,𝐅𝐚𝐜𝐞𝐛𝐨𝐨𝐤 » 𝗣𝗼𝘀𝘁 Reaction [ Global ] ᴺᴱᵂ,Facebook - Reaction | HaHa 😀 | Max 100k | 50K/day | INSTANT,31 Minutes,,,278.025,,0.3,,,,per_1000,review,0,,2026-07-16
SMS-0277,300,300,𝐅𝐚𝐜𝐞𝐛𝐨𝐨𝐤 » 𝗣𝗼𝘀𝘁 Reaction [ Global ] ᴺᴱᵂ,Facebook - Reaction | Love 💖| Max 100k | 50K/day | INSTANT,7 Minutes,,,278.025,,0.3,,,,per_1000,review,0,,2026-07-16
SMS-0278,304,304,𝐅𝐚𝐜𝐞𝐛𝐨𝐨𝐤 » 𝗣𝗼𝘀𝘁 Reaction [ Global ] ᴺᴱᵂ,Facebook - Reaction | Sad 😭| Max 100k | 50K/day | INSTANT,New Service,,,278.025,,0.3,,,,per_1000,review,0,,2026-07-16
SMS-0279,302,302,𝐅𝐚𝐜𝐞𝐛𝐨𝐨𝐤 » 𝗣𝗼𝘀𝘁 Reaction [ Global ] ᴺᴱᵂ,Facebook - Reaction | WoW 😯| Max 100k | 50K/day | INSTANT,7 Minutes,,,278.025,,0.3,,,,per_1000,review,0,,2026-07-16
SMS-0280,307,307,𝐅𝐚𝐜𝐞𝐛𝐨𝐨𝐤 » Post Reactions [ Best Working ],Facebook Post Reactions [ ❤️ ] [ Max 100K ] | Cancel Enable | No Refill ⚠️ | Instant Start | Day 50K 🚀,10 Minutes,,,278.025,,0.3,,,,per_1000,review,0,,2026-07-16
SMS-0281,306,306,𝐅𝐚𝐜𝐞𝐛𝐨𝐨𝐤 » Post Reactions [ Best Working ],Facebook Post Reactions [ 👍 ] [ Max 100K ] | Cancel Enable | No Refill ⚠️ | Instant Start | Day 50K 🚀,7 Minutes,,,278.025,,0.3,,,,per_1000,review,0,,2026-07-16
SMS-0282,308,308,𝐅𝐚𝐜𝐞𝐛𝐨𝐨𝐤 » Post Reactions [ Best Working ],Facebook Post Reactions [ 🤗 ] [ Max 100K ] | Cancel Enable | No Refill ⚠️ | Instant Start | Day 50K 🚀,4 Minutes,,,278.025,,0.3,,,,per_1000,review,0,,2026-07-16
SMS-0283,310,310,𝐅𝐚𝐜𝐞𝐛𝐨𝐨𝐤 » Post Reactions [ Best Working ],Facebook Post Reactions [ 😂 ] [ Max 100K ] | Cancel Enable | No Refill ⚠️ | Instant Start | Day 50K 🚀,1 Hour 41 Minutes,,,278.025,,0.3,,,,per_1000,review,0,,2026-07-16
SMS-0284,311,311,𝐅𝐚𝐜𝐞𝐛𝐨𝐨𝐤 » Post Reactions [ Best Working ],Facebook Post Reactions [ 😥 ] [ Max 100K ] | Cancel Enable | No Refill ⚠️ | Instant Start | Day 50K 🚀,New Service,,,278.025,,0.3,,,,per_1000,review,0,,2026-07-16
SMS-0285,312,312,𝐅𝐚𝐜𝐞𝐛𝐨𝐨𝐤 » Post Reactions [ Best Working ],Facebook Post Reactions [ 😡 ] [ Max 100K ] | Cancel Enable | No Refill ⚠️ | Instant Start | Day 50K 🚀,New Service,,,278.025,,0.3,,,,per_1000,review,0,,2026-07-16
SMS-0286,314,314,𝐅𝐚𝐜𝐞𝐛𝐨𝐨𝐤 » Post Reactions [ Cheapest ],Facebook Post Reactions [ ❤️ ] [ Max 10K ] | HQ Accounts | Cancel Enable | No Refill ⚠️ | Day 10K,34 Hours 14 Minutes,,,278.025,,0.3,,,,per_item,review,0,,2026-07-16
SMS-0287,313,313,𝐅𝐚𝐜𝐞𝐛𝐨𝐨𝐤 » Post Reactions [ Cheapest ],Facebook Post Reactions [ 👍 ] [ Max 10K ] | HQ Accounts | Cancel Enable | No Refill ⚠️ | Day 10K,36 Hours 13 Minutes,,,278.025,,0.3,,,,per_item,review,0,,2026-07-16
SMS-0288,318,318,𝐅𝐚𝐜𝐞𝐛𝐨𝐨𝐤 » Post Reactions [ Cheapest ],Facebook Post Reactions [ 🤗 ] [ Max 10K ] | HQ Accounts | Cancel Enable | No Refill ⚠️ | Day 10K,3 Hours 7 Minutes,,,278.025,,0.3,,,,per_item,review,0,,2026-07-16
SMS-0289,319,319,𝐅𝐚𝐜𝐞𝐛𝐨𝐨𝐤 » Post Reactions [ Cheapest ],Facebook Post Reactions [ 😡 ] [ Max 10K ] | HQ Accounts | Cancel Enable | No Refill ⚠️ | Day 10K,17 Minutes,,,278.025,,0.3,,,,per_item,review,0,,2026-07-16
SMS-0290,315,315,𝐅𝐚𝐜𝐞𝐛𝐨𝐨𝐤 » Post Reactions [ Cheapest ],Facebook Post Reactions [ 😆 ] [ Max 10K ] | HQ Accounts | Cancel Enable | No Refill ⚠️ | Day 10K,24 Minutes,,,278.025,,0.3,,,,per_item,review,0,,2026-07-16
SMS-0291,329,329,𝐅𝐚𝐜𝐞𝐛𝐨𝐨𝐤 » Views[Impressions Reach],Facebook Video Views   Impressions [ Max 10M ] | Cancel Enable  | Lifetime ♻️ | Instant Start | Day 100K,55 Minutes,,,278.025,,0.3,,,,per_1000,review,0,,2026-07-16
SMS-0292,330,330,𝐅𝐚𝐜𝐞𝐛𝐨𝐨𝐤 » Views[Impressions Reach],Facebook Video Views   Reach   Impressions [ Max 10M ] | Cancel Enable | Lifetime ♻️ | Instant Start | Day 100K,50 Minutes,,,278.025,,0.3,,,,per_1000,review,0,,2026-07-16
SMS-0293,327,327,𝐅𝐚𝐜𝐞𝐛𝐨𝐨𝐤 » Views[Impressions Reach],Facebook Video Views [ Max 10M ] | Cancel Enable  | Lifetime ♻️ | Instant Start | Day 100K,57 Minutes,,,278.025,,0.3,,,,per_1000,review,0,,2026-07-16
SMS-0294,328,328,𝐅𝐚𝐜𝐞𝐛𝐨𝐨𝐤 » Views[Impressions Reach],Facebook Video Views   Reach [ Max 10M ] | Cancel Enable  | Lifetime ♻️ | Instant Start | Day 100K,18 Minutes,,,278.025,,0.3,,,,per_1000,review,0,,2026-07-16
SMS-0295,335,335,𝐅𝐚𝐜𝐞𝐛𝐨𝐨𝐤 » Video Views,Facebook Views [ Max Unlimited ] | Non Drop | Lifetime ♻️ | Instant Start | Day 20K,32 Minutes,,,278.025,,0.3,,,,per_1000,review,0,,2026-07-16
SMS-0296,333,333,𝐅𝐚𝐜𝐞𝐛𝐨𝐨𝐤 » Video Views,Facebook Views [ Max Unlimited ] | Non Drop | Lifetime ♻️ | Instant Start | Day 100K,1 Hour 29 Minutes,,,278.025,,0.3,,,,per_1000,review,0,,2026-07-16
SMS-0297,339,339,𝐅𝐚𝐜𝐞𝐛𝐨𝐨𝐤 » Video Views,Facebook Views [ Unlimited ] | All Link | Super Instant | Day 50K |𝐔𝐥𝐭𝐫𝐚𝐟𝐚𝐬𝐭 𝐂𝐨𝐦𝐩𝐥𝐞𝐭𝐞𝐝⚡Lifetime Guaranteed ♻️,5 Hours 13 Minutes,,,278.025,,0.3,,,,per_1000,review,0,,2026-07-16
SMS-0298,331,331,𝐅𝐚𝐜𝐞𝐛𝐨𝐨𝐤 » Video Views,Facebook Views [ Max Unlimited ] | Non Drop | Lifetime ♻️ | Instant Start | Day 100K,33 Minutes,,,278.025,,0.3,,,,per_1000,review,0,,2026-07-16
SMS-0299,340,340,𝐅𝐚𝐜𝐞𝐛𝐨𝐨𝐤 » Video Views,Facebook Views | Reels/Video | Non Drop | Lifetime ♻️ | Day 20K,37 Minutes,,,278.025,,0.3,,,,per_1000,review,0,,2026-07-16
SMS-0300,334,334,𝐅𝐚𝐜𝐞𝐛𝐨𝐨𝐤 » Video Views,Facebook Views [ Max Unlimited ] | Non Drop | Lifetime ♻️ | Instant Start | Day 100K,13 Hours 36 Minutes,,,278.025,,0.3,,,,per_1000,review,0,,2026-07-16
SMS-0301,341,341,𝐅𝐚𝐜𝐞𝐛𝐨𝐨𝐤 » Likes [ Post ],Facebook Post Likes | ✅ Non-Drop | ⚡ Speed: 2000/Day | ⏱ Start: 0–2 Hrs |  Lifetime Guarantee ♻️,53 Minutes,"Start : Instant 

Speed : 100k days 

Quality : Old Account 

Drop : No Drop 

Refill : 365 Days 𝐑𝐞𝐟𝐢𝐥𝐥 with Botton",,278.025,,0.3,,,,per_item,review,0,,2026-07-16
SMS-0302,342,342,𝐅𝐚𝐜𝐞𝐛𝐨𝐨𝐤 » Likes [ Post ],Facebook Post Likes | ✅ Non-Drop | ⚡ Speed: 5000/Day | ⏱ Start: 0–1Hrs |  Lifetime Guarantee ♻️,15 Minutes,,,278.025,,0.3,,,,per_1000,review,0,,2026-07-16
SMS-0303,356,356,𝐅𝐚𝐜𝐞𝐛𝐨𝐨𝐤 » Comments [ Custom ],Facebook Custom  Comments [Drop- No]  [Speed: 100/Day] [Start Time: 0-1 Hours],9 Hours 2 Minutes,,,278.025,,0.3,,,,per_1000,review,0,,2026-07-16
SMS-0304,355,355,𝐅𝐚𝐜𝐞𝐛𝐨𝐨𝐤 » Comments [ Custom ],Facebook Custom  Comments [Drop- No]  [Speed: 5-10/Day] [Start Time: 0-1 Hours],1 Hour 2 Minutes,,,278.025,,0.3,,,,per_1000,review,0,,2026-07-16
SMS-0305,668,668,𝐓𝐞𝐥𝐞𝐠𝐫𝐚𝐦 » Members [%𝟎 𝐃𝐫𝐨𝐩],Telegram  Members | Non Drop | Max 50K | Ultrafast | 𝐇𝐐 𝐐𝐮𝐚𝐥𝐢𝐭𝐲 | 30 Days Refill ♻️,2 Hours 6 Minutes,,,278.025,,0.3,,,,per_1000,review,0,,2026-07-16
SMS-0306,669,669,𝐓𝐞𝐥𝐞𝐠𝐫𝐚𝐦 » Members [%𝟎 𝐃𝐫𝐨𝐩],Telegram Members | Non Drop | Max 50K | Ultrafast | 𝐇𝐐 𝐐𝐮𝐚𝐥𝐢𝐭𝐲 |  60 Days Refill ♻️,3 Hours 35 Minutes,,,278.025,,0.3,,,,per_1000,review,0,,2026-07-16
SMS-0307,670,670,𝐓𝐞𝐥𝐞𝐠𝐫𝐚𝐦 » Members [%𝟎 𝐃𝐫𝐨𝐩],Telegram Members | Non Drop | Max 50K | Ultrafast | 𝐇𝐐 𝐐𝐮𝐚𝐥𝐢𝐭𝐲 |  90 Days Refill ♻️,49 Minutes,,,278.025,,0.3,,,,per_1000,review,0,,2026-07-16
SMS-0308,693,693,𝐓𝐞𝐥𝐞𝐠𝐫𝐚𝐦 » Post View [ Fast ],Telegram Views | Last 1 Posts | Speed 500K Per DAY | Start Instant 0-5 Minutes,46 Minutes,,,278.025,,0.3,,,,per_1000,review,0,,2026-07-16
SMS-0309,694,694,𝐓𝐞𝐥𝐞𝐠𝐫𝐚𝐦 » Post View [ Fast ],Telegram Views | Last 5 Posts | Speed 500K Per DAY | Start Instant 0-5 Minutes,44 Minutes,,,278.025,,0.3,,,,per_1000,review,0,,2026-07-16
SMS-0310,695,695,𝐓𝐞𝐥𝐞𝐠𝐫𝐚𝐦 » Post View [ Fast ],Telegram Views | Last 10 Posts | Speed 500K Per DAY | Start Instant 0-5 Minutes,New Service,,,278.025,,0.3,,,,per_1000,review,0,,2026-07-16
SMS-0311,696,696,𝐓𝐞𝐥𝐞𝐠𝐫𝐚𝐦 » Post View [ Fast ],Telegram Views | Last 20 Posts | Speed 500K Per DAY | Start Instant 0-5 Minutes,19 Minutes,,,278.025,,0.3,,,,per_1000,review,0,,2026-07-16
SMS-0312,673,673,𝐓𝐞𝐥𝐞𝐠𝐫𝐚𝐦 » Post View [ Cheapest ] ᴺᴱᵂ,Telegram Post Views [ Max 50M ] | Last 1 Post 𝗙𝗔𝗦𝗧,2 Hours 46 Minutes,,,278.025,,0.3,,,,per_1000,review,0,,2026-07-16
SMS-0313,672,672,𝐓𝐞𝐥𝐞𝐠𝐫𝐚𝐦 » Post View [ Cheapest ] ᴺᴱᵂ,Telegram Post Views [ Max Unlimited ] | Last 1 Post 𝗦𝗟𝗢𝗪,New Service,,,278.025,,0.3,,,,per_1000,review,0,,2026-07-16
SMS-0314,674,674,𝐓𝐞𝐥𝐞𝐠𝐫𝐚𝐦 » Post View [ Cheapest ] ᴺᴱᵂ,Telegram Post Views [ Max 50M ] | Last 5 Post,32 Minutes,,,278.025,,0.3,,,,per_1000,review,0,,2026-07-16
SMS-0315,675,675,𝐓𝐞𝐥𝐞𝐠𝐫𝐚𝐦 » Post View [ Cheapest ] ᴺᴱᵂ,Telegram Post Views [ Max 50M ] | Last 10 Post,New Service,,,278.025,,0.3,,,,per_1000,review,0,,2026-07-16
SMS-0316,671,671,𝐓𝐞𝐥𝐞𝐠𝐫𝐚𝐦 » Post View [ Cheapest ] ᴺᴱᵂ,Telegram Members (Channel/Group) [ Max 100K ] | Superinstant | Cancel Enable | No Refill ⚠️ | Day 100K 🚀,25 Minutes,,,278.025,,0.3,,,,per_1000,review,0,,2026-07-16
SMS-0317,676,676,𝐓𝐞𝐥𝐞𝐠𝐫𝐚𝐦 » Post View [ Cheapest ] ᴺᴱᵂ,Telegram Post Views [ Max 50M ] | Last 15 Post,New Service,,,278.025,,0.3,,,,per_1000,review,0,,2026-07-16
SMS-0318,683,683,𝐓𝐞𝐥𝐞𝐠𝐫𝐚𝐦 » Post View [ ⚙ Auto ],[ ⚙ Auto ] Telegram Post Views [ Max 50M ] | Last 1 Post 𝗙𝗔𝗦𝗧,New Service,,,278.025,,0.3,,,,per_1000,review,0,,2026-07-16
SMS-0319,682,682,𝐓𝐞𝐥𝐞𝐠𝐫𝐚𝐦 » Post View [ ⚙ Auto ],[ ⚙ Auto ] Telegram Post Views [ Max Unlimited ] | Last 1 Post 𝗦𝗟𝗢𝗪,New Service,,,278.025,,0.3,,,,per_1000,review,0,,2026-07-16
SMS-0320,684,684,𝐓𝐞𝐥𝐞𝐠𝐫𝐚𝐦 » Post View [ ⚙ Auto ],[ ⚙ Auto ] Telegram Post Views [ Max 50M ] | Last 5 Post,New Service,,,278.025,,0.3,,,,per_1000,review,0,,2026-07-16
SMS-0321,685,685,𝐓𝐞𝐥𝐞𝐠𝐫𝐚𝐦 » Post View [ ⚙ Auto ],[ ⚙ Auto ] Telegram Post Views [ Max 50M ] | Last 10 Post,New Service,,,278.025,,0.3,,,,per_1000,review,0,,2026-07-16
SMS-0322,686,686,𝐓𝐞𝐥𝐞𝐠𝐫𝐚𝐦 » Post View [ ⚙ Auto ],[ ⚙ Auto ] Telegram Post Views [ Max 50M ] | Last 15 Post,New Service,,,278.025,,0.3,,,,per_1000,review,0,,2026-07-16
SMS-0323,687,687,𝐓𝐞𝐥𝐞𝐠𝐫𝐚𝐦 » Post View [ ⚙ Auto ],[ ⚙ Auto ] Telegram Post Views [ Max 50M ] | Last 20 Post,New Service,,,278.025,,0.3,,,,per_1000,review,0,,2026-07-16
SMS-0324,787,787,𝐓𝐞𝐥𝐞𝐠𝐫𝐚𝐦 » Reactions [ Premium ],Telegram Permium Reaction | 🤬   Views | Max 1M | Day 50K,New Service,,,278.025,,0.3,,,,per_1000,review,0,,2026-07-16
SMS-0325,788,788,𝐓𝐞𝐥𝐞𝐠𝐫𝐚𝐦 » Reactions [ Premium ],Telegram Permium Reaction | 🙏   Views | Max 1M | Day 50K,New Service,,,278.025,,0.3,,,,per_1000,review,0,,2026-07-16
SMS-0326,789,789,𝐓𝐞𝐥𝐞𝐠𝐫𝐚𝐦 » Reactions [ Premium ],Telegram Permium Reaction | 🤡   Views | Max 1M | Day 50K,New Service,,,278.025,,0.3,,,,per_1000,review,0,,2026-07-16
SMS-0327,790,790,𝐓𝐞𝐥𝐞𝐠𝐫𝐚𝐦 » Reactions [ Premium ],Telegram Permium Reaction | 🤭   Views | Max 1M | Day 50K,New Service,,,278.025,,0.3,,,,per_1000,review,0,,2026-07-16
SMS-0328,791,791,𝐓𝐞𝐥𝐞𝐠𝐫𝐚𝐦 » Reactions [ Premium ],Telegram Permium Reaction | 🕊   Views | Max 1M | Day 50K,New Service,,,278.025,,0.3,,,,per_1000,review,0,,2026-07-16
SMS-0329,792,792,𝐓𝐞𝐥𝐞𝐠𝐫𝐚𝐦 » Reactions [ Premium ],Telegram Permium Reaction | 🤣   Views | Max 1M | Day 50K,New Service,,,278.025,,0.3,,,,per_1000,review,0,,2026-07-16
SMS-0330,784,784,𝐓𝐞𝐥𝐞𝐠𝐫𝐚𝐦 » Reactions,Telegram Reactions Negative 👎💩 🤮😢 😱 | Non Drop | Speed 100K Per DAY | Fast 🔥 |,New Service,"Start Time 0-1 [ sometimes 3 hours ]

Ultra Fast working old trusted service",,278.025,,0.3,,,,per_1000,review,0,,2026-07-16
SMS-0331,785,785,𝐓𝐞𝐥𝐞𝐠𝐫𝐚𝐦 » Reactions,🆅🅸🅿 Telegram Reactions | Positive 👍🤩🔥❤️🥰 | Non Drop | Speed 100K Per DAY | Start Time 0-1 Hours | ⭐🔥⚡,New Service,,,278.025,,0.3,,,,per_1000,review,0,,2026-07-16
SMS-0332,773,773,𝐓𝐞𝐥𝐞𝐠𝐫𝐚𝐦 » Reactions,Telegram Reactions [⚡️] 𝗟𝗶𝗳𝗲𝘁𝗶𝗺𝗲 𝗥𝗲𝗳𝗶𝗹𝗹 | Non Drop | Instant,New Service,,,278.025,,0.3,,,,per_1000,review,0,,2026-07-16
SMS-0333,770,770,𝐓𝐞𝐥𝐞𝐠𝐫𝐚𝐦 » Reactions,Telegram Reactions [❤️] 𝗟𝗶𝗳𝗲𝘁𝗶𝗺𝗲 𝗥𝗲𝗳𝗶𝗹𝗹 | Non Drop | Instant,New Service,,,278.025,,0.3,,,,per_1000,review,0,,2026-07-16
SMS-0334,769,769,𝐓𝐞𝐥𝐞𝐠𝐫𝐚𝐦 » Reactions,Telegram Reactions [👍] 𝗟𝗶𝗳𝗲𝘁𝗶𝗺𝗲 𝗥𝗲𝗳𝗶𝗹𝗹 | Non Drop | Instant,New Service,,,278.025,,0.3,,,,per_1000,review,0,,2026-07-16
SMS-0335,771,771,𝐓𝐞𝐥𝐞𝐠𝐫𝐚𝐦 » Reactions,Telegram Reactions [🔥] 𝗟𝗶𝗳𝗲𝘁𝗶𝗺𝗲 𝗥𝗲𝗳𝗶𝗹𝗹 | Non Drop | Instant,New Service,,,278.025,,0.3,,,,per_1000,review,0,,2026-07-16
SMS-0336,701,701,𝐓𝐞𝐥𝐞𝐠𝐫𝐚𝐦 » Reactions [ Cheapest] ᴺᴱᵂ,Telegram Reaction  [ DisLike 👍 ] [ Max 50K ] | No Refill ⚠️ | Instant Start | Day 50K 🚀,1 Hour 21 Minutes,,,278.025,,0.3,,,,per_1000,review,0,,2026-07-16
SMS-0337,698,698,𝐓𝐞𝐥𝐞𝐠𝐫𝐚𝐦 » Reactions [ Cheapest] ᴺᴱᵂ,Telegram Reaction  [ Fire 🔥 ] [ Max 50K ]  | No Refill ⚠️ | Instant Start | Day 50K 🚀,25 Minutes,,,278.025,,0.3,,,,per_1000,review,0,,2026-07-16
SMS-0338,699,699,𝐓𝐞𝐥𝐞𝐠𝐫𝐚𝐦 » Reactions [ Cheapest] ᴺᴱᵂ,Telegram Reaction  [ Laugh 🤣 ] [ Max 50K ] | No Refill ⚠️ | Instant Start | Day 50K 🚀,New Service,,,278.025,,0.3,,,,per_1000,review,0,,2026-07-16
SMS-0339,700,700,𝐓𝐞𝐥𝐞𝐠𝐫𝐚𝐦 » Reactions [ Cheapest] ᴺᴱᵂ,Telegram Reaction  [ Like 👍 ] [ Max 50K ] | No Refill ⚠️ | Instant Start | Day 50K 🚀,26 Minutes,,,278.025,,0.3,,,,per_1000,review,0,,2026-07-16
SMS-0340,697,697,𝐓𝐞𝐥𝐞𝐠𝐫𝐚𝐦 » Reactions [ Cheapest] ᴺᴱᵂ,Telegram Reaction  [ Red heart ❤️ ] [ Max 50K ] | No Refill ⚠️ | Instant Start | Day 50K 🚀,26 Minutes,,,278.025,,0.3,,,,per_1000,review,0,,2026-07-16
SMS-0341,709,709,𝐓𝐞𝐥𝐞𝐠𝐫𝐚𝐦 » Reactions [ Cheapest] ᴺᴱᵂ,Telegram Reaction [ Banana 🍌 ] [ Max 50K ]  | No Refill ⚠️ | Instant Start | Day 50K 🚀,New Service,,,278.025,,0.3,,,,per_1000,review,0,,2026-07-16
SMS-0342,1405,1405,WhatsApp Poll Votes,Whatsapp Poll Votes [ 𝗔 ] 𝗡𝗢𝗡 𝗗𝗥𝗢𝗣 | Quality: HQ Profiles | Speed: Day 100K,17 Minutes,"- Location: Global 🌎
- Quality: High Quality
- Start Time: 0-1 Hours
- Speed: Day 100K
- Refill: No Refill ⚠️
- Example Link: Whatsapp Post Link

Notes:
- When the service is busy, the starting speed of the process changes.
- Do not place the second order on the same link before your order is completed in the system.
- In case of any problems with the service, please contact support.",,278.025,,0.3,,,,per_1000,review,0,,2026-07-16
SMS-0343,1406,1406,WhatsApp Poll Votes,Whatsapp Poll Votes [ 𝗕 ] 𝗡𝗢𝗡 𝗗𝗥𝗢𝗣 | Quality: HQ Profiles | Speed: Day 100K,21 Minutes,"- Location: Global 🌎
- Quality: High Quality
- Start Time: 0-1 Hours
- Speed: Day 50K
- Refill: No Refill ⚠️
- Example Link: Whatsapp Post Link

Notes:
- When the service is busy, the starting speed of the process changes.
- Do not place the second order on the same link before your order is completed in the system.
- In case of any problems with the service, please contact support.",,278.025,,0.3,,,,per_1000,review,0,,2026-07-16
SMS-0344,1407,1407,WhatsApp Poll Votes,Whatsapp Poll Votes [ 𝗖 ] 𝗡𝗢𝗡 𝗗𝗥𝗢𝗣 | Quality: HQ Profiles | Speed: Day 100K,New Service,"- Location: Global 🌎
- Quality: High Quality
- Start Time: 0-1 Hours
- Speed: Day 100K
- Refill: No Refill ⚠️
- Example Link: Whatsapp Post Link

Notes:
- When the service is busy, the starting speed of the process changes.
- Do not place the second order on the same link before your order is completed in the system.
- In case of any problems with the service, please contact support.",,278.025,,0.3,,,,per_1000,review,0,,2026-07-16
SMS-0345,1408,1408,WhatsApp Poll Votes,Whatsapp Poll Votes [ 𝗗 ] 𝗡𝗢𝗡 𝗗𝗥𝗢𝗣 | Quality: HQ Profiles | Speed: Day 100K,New Service,"- Location: Global 🌎
- Quality: High Quality
- Start Time: 0-1 Hours
- Speed: Day 100K
- Refill: No Refill ⚠️
- Example Link: Whatsapp Post Link

Notes:
- When the service is busy, the starting speed of the process changes.
- Do not place the second order on the same link before your order is completed in the system.
- In case of any problems with the service, please contact support.",,278.025,,0.3,,,,per_1000,review,0,,2026-07-16
SMS-0346,1409,1409,WhatsApp Poll Votes,Whatsapp Poll Votes [ 𝗙 ] 𝗡𝗢𝗡 𝗗𝗥𝗢𝗣 | Quality: HQ Profiles | Speed: Day 100K,New Service,,,278.025,,0.3,,,,per_1000,review,0,,2026-07-16
SMS-0347,376,376,WhatsApp  Channel Members [ Provider ] ᴺᴱᵂ,Whatsapp Channel Members [ Global 🌎 ] [ Max 50K ] | HQ Profiles | Day 10K,5 Minutes,,,278.025,,0.3,,,,per_1000,review,0,,2026-07-16
SMS-0348,377,377,WhatsApp  Channel Members [ Provider ] ᴺᴱᵂ,Whatsapp Channel Members [ Global 🌎 ] [ Max 50K ] | HQ Profiles | Day 20K,24 Minutes,,,278.025,,0.3,,,,per_1000,review,0,,2026-07-16
SMS-0349,378,378,WhatsApp  Channel Members [ Provider ] ᴺᴱᵂ,Whatsapp Channel Members [ Global 🌎 ] [ Max 50K ] | HQ Profiles | Day 20K | 30 Days Refill♻️,4 Minutes,,,278.025,,0.3,,,,per_1000,review,0,,2026-07-16
SMS-0350,380,380,WhatsApp  Channel Members [ Provider ] ᴺᴱᵂ,Whatsapp Channel Members [ Arab 🇦🇪 ] [ Max 50K ] | HQ Profiles | Day 20K,7 Minutes,,,278.025,,0.3,,,,per_1000,review,0,,2026-07-16
SMS-0351,382,382,WhatsApp  Channel Members [ Provider ] ᴺᴱᵂ,Whatsapp Channel Members [ Europe 🇪🇺 ] [ Max 50K ] | HQ Profiles | Day 20K,New Service,,,278.025,,0.3,,,,per_1000,review,0,,2026-07-16
SMS-0352,379,379,WhatsApp  Channel Members [ Provider ] ᴺᴱᵂ,Whatsapp Channel Members [ India 🇮🇳 ] [ Max 50K ] | HQ Profiles | Day 20K,8 Minutes,,,278.025,,0.3,,,,per_1000,review,0,,2026-07-16
SMS-0353,437,437,TikTok →  Likes (1 Minute Server),TikTok Likes + Views [ World Wide 🌍 ] [ Max 1M ] | 𝗛𝗤+𝗥𝗘𝗔𝗟 | Non Drop | Day 100K ⚡ 𝗕𝗲𝘀𝘁,7 Minutes,,,278.025,,0.3,,,,per_1000,review,0,,2026-07-16
SMS-0354,438,438,TikTok →  Likes (1 Minute Server),TikTok Likes + Views [ Worldwide 🌎] [ Max 1M ] | 𝗛𝗤+𝗥𝗘𝗔𝗟 | Non Drop | Day 100K ⚡️,5 Hours 49 Minutes,,,278.025,,0.3,,,,per_1000,review,0,,2026-07-16
